fips_code,match_county,perc_kabbage_loans_per_county
01001,AUTAUGA,0.5500550055005501
01003,BALDWIN,1.1324824734855294
01005,BARBOUR,2.585034013605442
01007,BIBB,2.0408163265306123
01009,BLOUNT,0.43415340086830684
01011,BULLOCK,2.314814814814815
01013,BUTLER,2.232142857142857
01015,CALHOUN,2.5040827436037016
01017,CHAMBERS,1.5717092337917484
01019,CHEROKEE,0.6349206349206349
01021,CHILTON,1.6272189349112427
01023,CHOCTAW,1.0101010101010102
01025,CLARKE,1.4953271028037385
01027,CLAY,NA
01029,CLEBURNE,2.450980392156863
01031,COFFEE,1.4691478942213516
01033,COLBERT,0.3857280617164899
01035,CONECUH,2.5559105431309903
01037,COOSA,2.197802197802198
01039,COVINGTON,2.127659574468085
01041,CRENSHAW,0.2597402597402597
01043,CULLMAN,0.42643923240938164
01045,DALE,0.6191950464396285
01047,DALLAS,1.5277777777777777
01049,DEKALB,NA
01051,ELMORE,0.6102212051868803
01053,ESCAMBIA,1.0477299185098952
01055,ETOWAH,2.501389660922735
01057,FAYETTE,5.533596837944664
01059,FRANKLIN,0.7326007326007326
01061,GENEVA,0.7936507936507936
01063,GREENE,0.7109004739336493
01065,HALE,1.3333333333333335
01067,HENRY,0.4123711340206186
01069,HOUSTON,0.7374158384097467
01071,JACKSON,0.10427528675703858
01073,JEFFERSON,1.707116412998766
01075,LAMAR,1.1811023622047243
01077,LAUDERDALE,0.43923865300146414
01079,LAWRENCE,NA
01081,LEE,2.146060217809097
01083,LIMESTONE,1.2113055181695829
01085,LOWNDES,0.7194244604316548
01087,MACON,3.0848329048843186
01089,MADISON,1.3962033067973056
01091,MARENGO,1.129032258064516
01093,MARION,0.7766990291262136
01095,MARSHALL,0.4280363830925628
01097,MOBILE,3.2187323146576117
01099,MONROE,3.5211267605633805
01101,MONTGOMERY,1.5527950310559007
01103,MORGAN,0.43426766679826295
01105,PERRY,0.5434782608695652
01107,PICKENS,0.48543689320388345
01109,PIKE,0.6345177664974619
01111,RANDOLPH,2.663934426229508
01113,RUSSELL,2.7728613569321534
01115,SAINT CLAIR,2.801120448179272
01117,SHELBY,1.5526046986721145
01119,SUMTER,1.837270341207349
01121,TALLADEGA,2.303754266211604
01123,TALLAPOOSA,1.0416666666666665
01125,TUSCALOOSA,2.009603414547395
01127,WALKER,1.7045454545454544
01129,WASHINGTON,1.2903225806451613
01131,WILCOX,0.28169014084507044
01133,WINSTON,4.1208791208791204
02013,ALEUTIANS EAST,1.3888888888888888
02016,ALEUTIANS WEST CENSUS AREA,NA
02020,ANCHORAGE MUNICIPALITY,NA
02050,BETHEL CENSUS AREA,NA
02060,BRISTOL BAY,NA
02068,DENALI,NA
02070,DILLINGHAM CENSUS AREA,NA
02090,FAIRBANKS NORTH STAR,0.055741360089186176
02100,HAINES,NA
02105,HOONAH-ANGOON CENSUS AREA,NA
02110,JUNEAU,0.6157635467980296
02122,KENAI PENINSULA,0.44969083754918493
02130,KETCHIKAN GATEWAY,0.1855287569573284
02150,KODIAK ISLAND,NA
02158,KUSILVAK CENSUS AREA,NA
02164,LAKE AND PENINSULA,NA
02170,MATANUSKA-SUSITNA,NA
02180,NOME CENSUS AREA,NA
02185,NORTH SLOPE,2.941176470588235
02188,NORTHWEST ARCTIC,NA
02195,PETERSBURG CENSUS AREA,NA
02198,PRINCE OF WALES-HYDER CENSUS AREA,NA
02201,PRINCE OF WALES-OUTER KETCHIKAN CENSUS AREA,NA
02220,SITKA,0.5671077504725899
02230,SKAGWAY MUNICIPALITY,NA
02231,SKAGWAY-YAKUTAT-ANGOON CENSUS AREA,NA
02232,SKAGWAY-HOONAH-ANGOON CENSUS AREA,NA
02240,SOUTHEAST FAIRBANKS CENSUS AREA,NA
02261,VALDEZ-CORDOVA CENSUS AREA,NA
02270,WADE HAMPTON CENSUS AREA,NA
02275,WRANGELL,NA
02280,WRANGELL-PETERSBURG CENSUS AREA,NA
02282,YAKUTAT CITY AND,NA
02290,YUKON-KOYUKUK CENSUS AREA,NA
04001,APACHE,1.4285714285714286
04003,COCHISE,0.7377049180327869
04005,COCONINO,1.2129380053908356
04007,GILA,0.19723865877712032
04009,GRAHAM,1.5037593984962405
04011,GREENLEE,NA
04012,LA PAZ,2.083333333333333
04013,MARICOPA,1.713962325167758
04015,MOHAVE,1.161751563896336
04017,"NAVAJO",1.4492753623188406
04019,PIMA,1.7219435501983977
04021,PINAL,1.8262457605009133
04023,SANTA CRUZ,1.4469453376205788
04025,YAVAPAI,1.4372581536760642
04027,YUMA,1.1286681715575622
05001,ARKANSAS,0.3454231433506045
05003,ASHLEY,0.9478672985781991
05005,BAXTER,0.12836970474967907
05007,BENTON,0.4715969989281886
05009,BOONE,0.18484288354898337
05011,BRADLEY,1.7006802721088436
05013,CALHOUN,1.282051282051282
05015,CARROLL,0.30549898167006106
05017,CHICOT,0.7177033492822966
05019,CLARK,0.2352941176470588
05021,CLAY,0.7177033492822966
05023,CLEBURNE,NA
05025,CLEVELAND,NA
05027,COLUMBIA,0.8756567425569177
05029,CONWAY,0.45351473922902497
05031,CRAIGHEAD,0.5121201775349948
05033,CRAWFORD,0.23952095808383234
05035,CRITTENDEN,1.1954992967651195
05037,CROSS,0.18796992481203006
05039,DALLAS,0.7462686567164178
05041,DESHA,0.3179650238473768
05043,DREW,0.18018018018018017
05045,FAULKNER,0.47068891741548996
05047,FRANKLIN,NA
05049,FULTON,NA
05051,GARLAND,0.5366726296958855
05053,GRANT,0.8849557522123894
05055,GREENE,0.3171247357293869
05057,HEMPSTEAD,NA
05059,HOT SPRING,0.7712082262210797
05061,HOWARD,NA
05063,INDEPENDENCE,0.1287001287001287
05065,IZARD,NA
05067,JACKSON,0.3205128205128205
05069,JEFFERSON,0.7154650522839846
05071,JOHNSON,0.5524861878453038
05073,LAFAYETTE,1.8867924528301887
05075,LAWRENCE,NA
05077,LEE,0.3412969283276451
05079,LINCOLN,NA
05081,LITTLE RIVER,NA
05083,LOGAN,NA
05085,LONOKE,1.1505273250239694
05087,MADISON,NA
05089,MARION,1.0204081632653061
05091,MILLER,0.2457002457002457
05093,MISSISSIPPI,0.3703703703703704
05095,MONROE,0.3546099290780142
05097,MONTGOMERY,NA
05099,NEVADA,0.5376344086021506
05101,NEWTON,0.4291845493562232
05103,OUACHITA,0.7537688442211055
05105,PERRY,0.6944444444444444
05107,PHILLIPS,0.1838235294117647
05109,PIKE,NA
05111,POINSETT,0.43010752688172044
05113,POLK,NA
05115,POPE,1.1959521619135236
05117,PRAIRIE,NA
05119,PULASKI,0.7599361653621095
05121,RANDOLPH,NA
05123,SAINT FRANCIS,0.37735849056603776
05125,SALINE,1.0460251046025104
05127,SCOTT,NA
05129,SEARCY,NA
05131,SEBASTIAN,0.3179650238473768
05133,SEVIER,NA
05135,SHARP,0.4273504273504274
05137,STONE,NA
05139,UNION,0.27586206896551724
05141,VAN BUREN,0.3731343283582089
05143,WASHINGTON,0.4284839828606407
05145,WHITE,0.5275056518462697
05147,WOODRUFF,NA
05149,YELL,0.3412969283276451
06001,ALAMEDA,NA
06003,ALPINE,NA
06005,AMADOR,NA
06007,BUTTE,NA
06009,CALAVERAS,NA
06011,COLUSA,NA
06013,CONTRA COSTA,NA
06015,DEL NORTE,NA
06017,EL DORADO,NA
06019,FRESNO,NA
06021,GLENN,NA
06023,HUMBOLDT,NA
06025,IMPERIAL,NA
06027,INYO,NA
06029,KERN,NA
06031,KINGS,NA
06033,LAKE,NA
06035,LASSEN,NA
06037,LOS ANGELES,3.332977815699659e-4
06039,MADERA,NA
06041,MARIN,NA
06043,MARIPOSA,NA
06045,MENDOCINO,NA
06047,MERCED,NA
06049,MODOC,NA
06051,MONO,NA
06053,MONTEREY,NA
06055,"NAPA",NA
06057,NEVADA,NA
06059,ORANGE,NA
06061,PLACER,NA
06063,PLUMAS,NA
06065,RIVERSIDE,NA
06067,SACRAMENTO,NA
06069,SAN BENITO,NA
06071,SAN BERNARDINO,NA
06073,SAN DIEGO,NA
06075,SAN FRANCISCO,NA
06077,SAN JOAQUIN,NA
06079,SAN LUIS OBISPO,NA
06081,SAN MATEO,NA
06083,SANTA BARBARA,0.010368066355624676
06085,SANTA CLARA,0.0027756960057734475
06087,SANTA CRUZ,NA
06089,SHASTA,NA
06091,SIERRA,NA
06093,SISKIYOU,NA
06095,SOLANO,NA
06097,SONOMA,NA
06099,STANISLAUS,NA
06101,SUTTER,NA
06103,TEHAMA,NA
06105,TRINITY,NA
06107,TULARE,NA
06109,TUOLUMNE,NA
06111,VENTURA,NA
06113,YOLO,NA
06115,YUBA,NA
08001,ADAMS,1.9516107472263067
08003,ALAMOSA,NA
08005,ARAPAHOE,1.707828074407974
08007,ARCHULETA,NA
08009,BACA,NA
08011,BENT,NA
08013,BOULDER,3.5294117647058822
08014,BROOMFIELD,1.455604075691412
08015,CHAFFEE,0.5154639175257731
08017,CHEYENNE,NA
08019,CLEAR CREEK,1.25
08021,CONEJOS,NA
08023,COSTILLA,NA
08025,CROWLEY,2.127659574468085
08027,CUSTER,1.9230769230769231
08029,DELTA,0.6355932203389831
08031,DENVER,1.6199670355545088
08033,DOLORES,NA
08035,DOUGLAS,1.446629213483146
08037,EAGLE,0.5559968228752978
08039,ELBERT,2.2675736961451247
08041,EL PASO,1.6880193905817173
08043,FREMONT,1.2216404886561953
08045,GARFIELD,0.5382131324004306
08047,GILPIN,7.000000000000001
08049,GRAND,1.5473887814313347
08051,GUNNISON,0.3926701570680628
08053,HINSDALE,NA
08055,HUERFANO,2.083333333333333
08057,JACKSON,NA
08059,JEFFERSON,1.5727495455623173
08061,KIOWA,NA
08063,KIT CARSON,NA
08065,LAKE,0.8928571428571428
08067,LA PLATA,0.27159152634437805
08069,LARIMER,0.8705384902375327
08071,LAS ANIMAS,NA
08073,LINCOLN,NA
08075,LOGAN,0.1272264631043257
08077,MESA,0.35842293906810035
08079,MINERAL,NA
08081,MOFFAT,NA
08083,MONTEZUMA,NA
08085,MONTROSE,0.6718924972004479
08087,MORGAN,NA
08089,OTERO,0.20366598778004072
08091,OURAY,NA
08093,PARK,1.6891891891891893
08095,PHILLIPS,NA
08097,PITKIN,0.30816640986132515
08099,PROWERS,0.5405405405405406
08101,PUEBLO,1.7267648552564754
08103,RIO BLANCO,NA
08105,RIO GRANDE,0.7462686567164178
08107,ROUTT,0.3103180760279286
08109,SAGUACHE,NA
08111,SAN JUAN,NA
08113,SAN MIGUEL,0.6920415224913495
08115,SEDGWICK,NA
08117,SUMMIT,1.282051282051282
08119,TELLER,1.4035087719298245
08121,WASHINGTON,NA
08123,WELD,0.9608540925266904
08125,YUMA,0.11389521640091116
09001,FAIRFIELD,2.0057520636462107
09003,HARTFORD,1.8467172377713836
09005,LITCHFIELD,0.7805325987144168
09007,MIDDLESEX,0.9436505796710704
09009,NEW HAVEN,1.2648094780659622
09011,NEW LONDON,1.3624567474048443
09013,TOLLAND,2.5602409638554215
09015,WINDHAM,1.2566137566137565
10001,KENT,1.5140324963072378
10003,NEW CASTLE,1.5490943755958055
10005,SUSSEX,1.0471204188481675
11001,DISTRICT OF COLUMBIA,2.3952671829156844
12001,ALACHUA,2.815884476534296
12003,BAKER,4.166666666666666
12005,BAY,2.0726652036088757
12007,BRADFORD,1.8315018315018317
12009,BREVARD,2.8921433176752323
12011,BROWARD,4.019210245464247
12013,CALHOUN,1.1363636363636365
12015,CHARLOTTE,3.35195530726257
12017,CITRUS,2.410848819688599
12019,CLAY,2.5577812018489987
12021,COLLIER,2.786773478779615
12023,COLUMBIA,1.7823639774859286
12025,DADE,NA
12027,DESOTO,NA
12029,DIXIE,1.3513513513513513
12031,DUVAL,2.6951105321011277
12033,ESCAMBIA,2.224642190416926
12035,FLAGLER,2.840909090909091
12037,FRANKLIN,NA
12039,GADSDEN,2.0366598778004072
12041,GILCHRIST,2.512562814070352
12043,GLADES,0.9900990099009901
12045,GULF,1.3986013986013985
12047,HAMILTON,1.948051948051948
12049,HARDEE,3.1446540880503147
12051,HENDRY,2.2309711286089238
12053,HERNANDO,3.278688524590164
12055,HIGHLANDS,3.5971223021582732
12057,HILLSBOROUGH,3.699147702310869
12059,HOLMES,1.2135922330097086
12061,INDIAN RIVER,3.392754456584244
12063,JACKSON,1.824817518248175
12065,JEFFERSON,0.7874015748031495
12067,LAFAYETTE,0.9900990099009901
12069,LAKE,3.288948069241012
12071,LEE,2.9824086603518265
12073,LEON,2.7553505062155583
12075,LEVY,1.1065006915629323
12077,LIBERTY,6.8181818181818175
12079,MADISON,1.4184397163120568
12081,MANATEE,2.8948332722609016
12083,MARION,2.8850557166844757
12085,MARTIN,2.73224043715847
12086,MIAMI-DADE,4.149570384330971
12087,MONROE,1.6816674561819043
12089,"NASSAU",2.0215633423180592
12091,OKALOOSA,2.2559749832477105
12093,OKEECHOBEE,4.208754208754209
12095,ORANGE,3.874167911342221
12097,OSCEOLA,4.482054771219595
12099,PALM BEACH,4.099430867090727
12101,PASCO,3.233398137726389
12103,PINELLAS,2.489642327720552
12105,POLK,4.401068724951759
12107,PUTNAM,2.824858757062147
12109,SAINT JOHNS,2.7808471454880292
12111,SAINT LUCIE,4.988899046624004
12113,SANTA ROSA,2.655889145496536
12115,SARASOTA,2.3388279968930696
12117,SEMINOLE,3.2355212355212353
12119,SUMTER,2.494331065759637
12121,SUWANNEE,1.4586709886547813
12123,TAYLOR,1.1952191235059761
12125,UNION,2.4193548387096775
12127,VOLUSIA,3.05594734367654
12129,WAKULLA,2.2883295194508007
12131,WALTON,1.3534416086620265
12133,WASHINGTON,1.5957446808510638
13001,APPLING,0.5813953488372093
13003,ATKINSON,NA
13005,BACON,0.26109660574412535
13007,BAKER,2.7522935779816518
13009,BALDWIN,3.5420098846787478
13011,BANKS,1.098901098901099
13013,BARROW,2.954694681549573
13015,BARTOW,1.4158576051779936
13017,BEN HILL,1.8691588785046727
13019,BERRIEN,1.1820330969267139
13021,BIBB,2.0657672849915683
13023,BLECKLEY,1.6666666666666667
13025,BRANTLEY,1.4218009478672986
13027,BROOKS,1.2594458438287155
13029,BRYAN,2.7496382054992763
13031,BULLOCH,2.055164954029205
13033,BURKE,3.9872408293460926
13035,BUTTS,1.3318534961154271
13037,CALHOUN,NA
13039,CAMDEN,3.5313001605136436
13043,CANDLER,0.29940119760479045
13045,CARROLL,2.629573170731707
13047,CATOOSA,2.3622047244094486
13049,CHARLTON,NA
13051,CHATHAM,2.645204862674471
13053,CHATTAHOOCHEE,NA
13055,CHATTOOGA,0.3003003003003003
13057,CHEROKEE,2.930875576036866
13059,CLARKE,1.3501350135013501
13061,CLAY,NA
13063,CLAYTON,3.091323045788009
13065,CLINCH,1.0204081632653061
13067,COBB,3.4253187310675415
13069,COFFEE,0.471976401179941
13071,COLQUITT,0.9918845807033363
13073,COLUMBIA,2.1699154100772344
13075,COOK,1.4285714285714286
13077,COWETA,1.8932874354561102
13079,CRAWFORD,2.1739130434782608
13081,CRISP,2.7722772277227725
13083,DADE,5.960264900662252
13085,DAWSON,2.2887323943661975
13087,DECATUR,3.060109289617486
13089,DEKALB,3.403565640194489
13091,DODGE,1.206896551724138
13093,DOOLY,3.640256959314775
13095,DOUGHERTY,3.37126000842815
13097,DOUGLAS,3.111443530291698
13099,EARLY,1.4583333333333333
13101,ECHOLS,NA
13103,EFFINGHAM,2.2565320665083135
13105,ELBERT,0.6109979633401221
13107,EMANUEL,1.7687074829931975
13109,EVANS,1.2605042016806722
13111,FANNIN,1.9736842105263157
13113,FAYETTE,3.730445246690734
13115,FLOYD,1.278772378516624
13117,FORSYTH,2.198649951783992
13119,FRANKLIN,0.8298755186721992
13121,FULTON,3.137671222777606
13123,GILMER,2.054794520547945
13125,GLASCOCK,NA
13127,GLYNN,3.0447193149381544
13129,GORDON,1.2585812356979404
13131,GRADY,0.7800312012480499
13133,GREENE,1.1811023622047243
13135,GWINNETT,3.2880048711183276
13137,HABERSHAM,0.8561643835616438
13139,HALL,2.5243229029713383
13141,HANCOCK,4.854368932038835
13143,HARALSON,0.84985835694051
13145,HARRIS,3.109656301145663
13147,HART,0.7827788649706457
13149,HEARD,1.5873015873015872
13151,HENRY,3.635309705200397
13153,HOUSTON,2.037947997189037
13155,IRWIN,1.3812154696132597
13157,JACKSON,2.4237685691946833
13159,JASPER,2.727272727272727
13161,JEFF DAVIS,0.591715976331361
13163,JEFFERSON,0.9828009828009828
13165,JENKINS,0.5050505050505051
13167,JOHNSON,NA
13169,JONES,4.426559356136821
13171,LAMAR,0.8771929824561403
13173,LANIER,1.1764705882352942
13175,LAURENS,1.2779552715654952
13177,LEE,2.2304832713754648
13179,LIBERTY,2.7823240589198037
13181,LINCOLN,1.744186046511628
13183,LONG,1.6216216216216217
13185,LOWNDES,1.2924556657649533
13187,LUMPKIN,3.133903133903134
13189,MCDUFFIE,1.3729977116704806
13191,MCINTOSH,1.1320754716981132
13193,MACON,1.1142061281337048
13195,MADISON,2.1686746987951806
13197,MARION,0.591715976331361
13199,MERIWETHER,1.2413793103448276
13201,MILLER,0.48543689320388345
13205,MITCHELL,1.694915254237288
13207,MONROE,0.7682458386683738
13209,MONTGOMERY,1.1235955056179776
13211,MORGAN,1.5873015873015872
13213,MURRAY,0.6024096385542169
13215,MUSCOGEE,2.4275310581179497
13217,NEWTON,2.3213564796124344
13219,OCONEE,2.55653883972468
13221,OGLETHORPE,0.8
13223,PAULDING,2.366863905325444
13225,PEACH,2.0606060606060606
13227,PICKENS,1.2886597938144329
13229,PIERCE,3.1578947368421053
13231,PIKE,2.3746701846965697
13233,POLK,2.191780821917808
13235,PULASKI,4.119850187265917
13237,PUTNAM,3.494176372712146
13239,QUITMAN,2.1739130434782608
13241,RABUN,0.7547169811320755
13243,RANDOLPH,1.529051987767584
13245,RICHMOND,2.039983680130559
13247,ROCKDALE,3.811452771128706
13249,SCHLEY,1.6528925619834711
13251,SCREVEN,0.34602076124567477
13253,SEMINOLE,3.0120481927710845
13255,SPALDING,1.9838162359697205
13257,STEPHENS,1.7543859649122806
13259,STEWART,NA
13261,SUMTER,3.1274433150899137
13263,TALBOT,1.9138755980861244
13265,TALIAFERRO,NA
13267,TATTNALL,0.8
13269,TAYLOR,7.171314741035857
13271,TELFAIR,0.49261083743842365
13273,TERRELL,1.7316017316017316
13275,THOMAS,0.616860863605209
13277,TIFT,0.7427413909520594
13279,TOOMBS,1.3333333333333335
13281,TOWNS,2.3391812865497075
13283,TREUTLEN,NA
13285,TROUP,2.926396689328998
13287,TURNER,0.48
13289,TWIGGS,4.368932038834951
13291,UNION,2.7624309392265194
13293,UPSON,1.2232415902140672
13295,WALKER,2.1739130434782608
13297,WALTON,3.254067584480601
13299,WARE,1.9329896907216495
13301,WARREN,NA
13303,WASHINGTON,0.8944543828264758
13305,WAYNE,4.831932773109244
13307,WEBSTER,NA
13309,WHEELER,NA
13311,WHITE,0.20325203252032523
13313,WHITFIELD,0.6199628022318662
13315,WILCOX,2.797202797202797
13317,WILKES,1.0676156583629894
13319,WILKINSON,2.941176470588235
13321,WORTH,1.0683760683760684
15001,HAWAII,1.5191199580932426
15003,HONOLULU,1.0869030639846555
15005,KALAWAO,NA
15007,KAUAI,1.4705882352941175
15009,MAUI,2.8807503349709696
16001,ADA,0.45301119204121515
16003,ADAMS,NA
16005,BANNOCK,0.15408320493066258
16007,BEAR LAKE,NA
16009,BENEWAH,NA
16011,BINGHAM,0.22650056625141565
16013,BLAINE,0.2331002331002331
16015,BOISE,NA
16017,BONNER,0.7399577167019027
16019,BONNEVILLE,0.1616161616161616
16021,BOUNDARY,2.484472049689441
16023,BUTTE,1.5625
16025,CAMAS,NA
16027,CANYON,0.3474415666456096
16029,CARIBOU,NA
16031,CASSIA,NA
16033,CLARK,NA
16035,CLEARWATER,NA
16037,CUSTER,NA
16039,ELMORE,0.4016064257028112
16041,FRANKLIN,1.4492753623188406
16043,FREMONT,NA
16045,GEM,NA
16047,GOODING,1.0452961672473868
16049,IDAHO,NA
16051,JEFFERSON,0.5979073243647235
16053,JEROME,NA
16055,KOOTENAI,0.4740740740740741
16057,LATAH,0.29239766081871343
16059,LEMHI,2.209944751381215
16061,LEWIS,NA
16063,LINCOLN,1.0869565217391304
16065,MADISON,NA
16067,MINIDOKA,NA
16069,NEZ PERCE,0.13793103448275862
16071,ONEIDA,NA
16073,OWYHEE,0.5555555555555556
16075,PAYETTE,0.5102040816326531
16077,POWER,1.4814814814814816
16079,SHOSHONE,NA
16081,TETON,0.26041666666666663
16083,TWIN FALLS,0.2801120448179272
16085,VALLEY,0.273972602739726
16087,WASHINGTON,NA
17001,ADAMS,0.3125
17003,ALEXANDER,NA
17005,BOND,NA
17007,BOONE,2.754491017964072
17009,BROWN,NA
17011,BUREAU,NA
17013,CALHOUN,NA
17015,CARROLL,0.15384615384615385
17017,CASS,NA
17019,CHAMPAIGN,0.8540218470705064
17021,CHRISTIAN,0.20533880903490762
17023,CLARK,NA
17025,CLAY,NA
17027,CLINTON,0.15885623510722796
17029,COLES,0.08071025020177562
17031,COOK,2.0278817662168365
17033,CRAWFORD,1.8711018711018712
17035,CUMBERLAND,NA
17037,DEKALB,0.9750390015600624
17039,DE WITT,NA
17041,DOUGLAS,NA
17043,DUPAGE,1.7947584894116049
17045,EDGAR,0.36968576709796674
17047,EDWARDS,NA
17049,EFFINGHAM,0.17381228273464658
17051,FAYETTE,0.12594458438287154
17053,FORD,0.186219739292365
17055,FRANKLIN,0.45454545454545453
17057,FULTON,0.10626992561105207
17059,GALLATIN,NA
17061,GREENE,0.2079002079002079
17063,GRUNDY,0.7400555041628123
17065,HAMILTON,NA
17067,HANCOCK,0.43620501635768816
17069,HARDIN,NA
17071,HENDERSON,NA
17073,HENRY,0.4261363636363636
17075,IROQUOIS,NA
17077,JACKSON,0.3115264797507788
17079,JASPER,0.27137042062415195
17081,JEFFERSON,0.24174053182917005
17083,JERSEY,NA
17085,JO DAVIESS,0.18975332068311196
17087,JOHNSON,NA
17089,KANE,1.4744864148442676
17091,KANKAKEE,0.507416081186573
17093,KENDALL,2.2501654533421576
17095,KNOX,0.24057738572574178
17097,LAKE,1.9318378409549624
17099,LASALLE,NA
17101,LAWRENCE,0.2824858757062147
17103,LEE,NA
17105,LIVINGSTON,0.23148148148148145
17107,LOGAN,NA
17109,MCDONOUGH,0.45351473922902497
17111,MCHENRY,1.8026418026418027
17113,MCLEAN,0.6079766536964981
17115,MACON,0.9223674096848578
17117,MACOUPIN,0.15785319652722968
17119,MADISON,0.6417516043790109
17121,MARION,NA
17123,MARSHALL,0.547945205479452
17125,MASON,NA
17127,MASSAC,0.3194888178913738
17129,MENARD,NA
17131,MERCER,NA
17133,MONROE,NA
17135,MONTGOMERY,NA
17137,MORGAN,NA
17139,MOULTRIE,0.28735632183908044
17141,OGLE,0.5098324836125273
17143,PEORIA,0.24360535931790497
17145,PERRY,2.7989821882951653
17147,PIATT,NA
17149,PIKE,0.11904761904761905
17151,POPE,1.2345679012345678
17153,PULASKI,0.684931506849315
17155,PUTNAM,0.5263157894736842
17157,RANDOLPH,0.46801872074883
17159,RICHLAND,1.5600624024960998
17161,ROCK ISLAND,0.8646616541353384
17163,SAINT CLAIR,0.5485372340425532
17165,SALINE,NA
17167,SANGAMON,0.37864445285876563
17169,SCHUYLER,NA
17171,SCOTT,NA
17173,SHELBY,NA
17175,STARK,NA
17177,STEPHENSON,0.3811944091486658
17179,TAZEWELL,0.21767522855899
17181,UNION,NA
17183,VERMILION,0.17113519680547634
17185,WABASH,0.2801120448179272
17187,WARREN,NA
17189,WASHINGTON,NA
17191,WAYNE,0.16181229773462785
17193,WHITE,NA
17195,WHITESIDE,0.21849963583394028
17197,WILL,1.874121505544276
17199,WILLIAMSON,0.5867014341590613
17201,WINNEBAGO,1.2622359608449252
17203,WOODFORD,NA
18001,ADAMS,0.3552397868561279
18003,ALLEN,0.9465079592714757
18005,BARTHOLOMEW,0.08503401360544217
18007,BENTON,0.4149377593360996
18009,BLACKFORD,0.8333333333333334
18011,BOONE,0.7845934379457917
18013,BROWN,1.6064257028112447
18015,CARROLL,0.4576659038901602
18017,CASS,0.9950248756218906
18019,CLARK,0.851581508515815
18021,CLAY,0.39370078740157477
18023,CLINTON,0.2044989775051125
18025,CRAWFORD,1.36986301369863
18027,DAVIESS,0.17123287671232876
18029,DEARBORN,0.3289473684210526
18031,DECATUR,0.1763668430335097
18033,DEKALB,NA
18035,DELAWARE,0.8754208754208754
18037,DUBOIS,0.27829313543599254
18039,ELKHART,2.713305001634521
18041,FAYETTE,0.7782101167315175
18043,FLOYD,0.6024096385542169
18045,FOUNTAIN,NA
18047,FRANKLIN,1.0273972602739725
18049,FULTON,1.3729977116704806
18051,GIBSON,0.21321961620469082
18053,GRANT,0.3868471953578337
18055,GREENE,0.53475935828877
18057,HAMILTON,1.714884147139678
18059,HANCOCK,1.276595744680851
18061,HARRISON,0.6342494714587738
18063,HENDRICKS,1.0673782521681119
18065,HENRY,1.2841091492776886
18067,HOWARD,0.641025641025641
18069,HUNTINGTON,0.13351134846461948
18071,JACKSON,NA
18073,JASPER,1.1816838995568686
18075,JAY,0.22271714922048996
18077,JEFFERSON,0.6224066390041494
18079,JENNINGS,1.0452961672473868
18081,JOHNSON,1.3002364066193852
18083,KNOX,0.26595744680851063
18085,KOSCIUSKO,1.0084033613445378
18087,LAGRANGE,1.3020833333333335
18089,LAKE,1.3286667962926955
18091,LAPORTE,NA
18093,LAWRENCE,0.3454231433506045
18095,MADISON,1.193467336683417
18097,MARION,1.3829619092776988
18099,MARSHALL,0.23752969121140144
18101,MARTIN,NA
18103,MIAMI,2.2522522522522523
18105,MONROE,1.2171372930866602
18107,MONTGOMERY,0.43415340086830684
18109,MORGAN,1.3468013468013467
18111,NEWTON,NA
18113,NOBLE,0.697350069735007
18115,OHIO,1.694915254237288
18117,ORANGE,NA
18119,OWEN,1.1029411764705883
18121,PARKE,0.7751937984496124
18123,PERRY,NA
18125,PIKE,NA
18127,PORTER,0.8275862068965517
18129,POSEY,NA
18131,PULASKI,1.1142061281337048
18133,PUTNAM,0.35714285714285715
18135,RANDOLPH,0.48543689320388345
18137,RIPLEY,0.211864406779661
18139,RUSH,1.0526315789473684
18141,SAINT JOSEPH,NA
18143,SCOTT,NA
18145,SHELBY,0.7633587786259541
18147,SPENCER,0.2717391304347826
18149,STARKE,1.4792899408284024
18151,STEUBEN,0.8818342151675485
18153,SULLIVAN,0.6060606060606061
18155,SWITZERLAND,NA
18157,TIPPECANOE,0.5548302872062663
18159,TIPTON,0.2808988764044944
18161,UNION,0.6493506493506493
18163,VANDERBURGH,0.6435366536094013
18165,VERMILLION,NA
18167,VIGO,0.46975924838520255
18169,WABASH,1.9434628975265018
18171,WARREN,NA
18173,WARRICK,0.6060606060606061
18175,WASHINGTON,0.2770083102493075
18177,WAYNE,0.20222446916076847
18179,WELLS,0.7874015748031495
18181,WHITE,NA
18183,WHITLEY,0.3205128205128205
19001,ADAIR,NA
19003,ADAMS,NA
19005,ALLAMAKEE,0.41109969167523125
19007,APPANOOSE,NA
19009,AUDUBON,NA
19011,BENTON,0.3853564547206166
19013,BLACK HAWK,0.8156606851549755
19015,BOONE,0.2680965147453083
19017,BREMER,0.18365472910927455
19019,BUCHANAN,0.20833333333333334
19021,BUENA VISTA,0.5226480836236934
19023,BUTLER,NA
19025,CALHOUN,0.12642225031605564
19027,CARROLL,0.05387931034482758
19029,CASS,NA
19031,CEDAR,0.1183431952662722
19033,CERRO GORDO,NA
19035,CHEROKEE,NA
19037,CHICKASAW,NA
19039,CLARKE,NA
19041,CLAY,0.10775862068965517
19043,CLAYTON,0.08613264427217916
19045,CLINTON,0.3119151590767312
19047,CRAWFORD,NA
19049,DALLAS,0.45801526717557256
19051,DAVIS,NA
19053,DECATUR,NA
19055,DELAWARE,NA
19057,DES MOINES,0.18018018018018017
19059,DICKINSON,NA
19061,DUBUQUE,0.262085032032615
19063,EMMET,NA
19065,FAYETTE,0.09328358208955223
19067,FLOYD,0.4405286343612335
19069,FRANKLIN,NA
19071,FREMONT,0.3205128205128205
19073,GREENE,NA
19075,GRUNDY,0.1557632398753894
19077,GUTHRIE,NA
19079,HAMILTON,0.16556291390728478
19081,HANCOCK,0.1314060446780552
19083,HARDIN,NA
19085,HARRISON,NA
19087,HENRY,0.273224043715847
19089,HOWARD,NA
19091,HUMBOLDT,NA
19093,IDA,NA
19095,IOWA,0.1226993865030675
19097,JACKSON,0.1813236627379873
19099,JASPER,0.09157509157509157
19101,JEFFERSON,0.12453300124533001
19103,JOHNSON,1.8086347724620768
19105,JONES,0.10050251256281408
19107,KEOKUK,NA
19109,KOSSUTH,0.24968789013732834
19111,LEE,0.08928571428571429
19113,LINN,1.141894421564957
19115,LOUISA,NA
19117,LUCAS,0.5797101449275363
19119,LYON,NA
19121,MADISON,0.13908205841446453
19123,MAHASKA,0.12484394506866417
19125,MARION,0.3042596348884381
19127,MARSHALL,0.2152852529601722
19129,MILLS,NA
19131,MITCHELL,NA
19133,MONONA,NA
19135,MONROE,NA
19137,MONTGOMERY,NA
19139,MUSCATINE,0.4859086491739553
19141,OBRIEN,NA
19143,OSCEOLA,NA
19145,PAGE,NA
19147,PALO ALTO,NA
19149,PLYMOUTH,0.05296610169491525
19151,POCAHONTAS,NA
19153,POLK,1.2309495896834701
19155,POTTAWATTAMIE,0.2960039467192896
19157,POWESHIEK,0.6349206349206349
19159,RINGGOLD,0.2079002079002079
19161,SAC,NA
19163,SCOTT,0.9004237288135594
19165,SHELBY,NA
19167,SIOUX,0.03672420124862284
19169,STORY,0.5473453749315819
19171,TAMA,NA
19173,TAYLOR,NA
19175,UNION,NA
19177,VAN BUREN,NA
19179,WAPELLO,0.33860045146726864
19181,WARREN,0.18761726078799248
19183,WASHINGTON,NA
19185,WAYNE,NA
19187,WEBSTER,0.49916805324459235
19189,WINNEBAGO,0.15503875968992248
19191,WINNESHIEK,0.07272727272727272
19193,WOODBURY,0.22471910112359553
19195,WORTH,NA
19197,WRIGHT,NA
20001,ALLEN,1.4251781472684086
20003,ANDERSON,0.22935779816513763
20005,ATCHISON,NA
20007,BARBER,NA
20009,BARTON,NA
20011,BOURBON,NA
20013,BROWN,NA
20015,BUTLER,1.5082956259426847
20017,CHASE,NA
20019,CHAUTAUQUA,NA
20021,CHEROKEE,0.2347417840375587
20023,CHEYENNE,NA
20025,CLARK,NA
20027,CLAY,NA
20029,CLOUD,NA
20031,COFFEY,NA
20033,COMANCHE,NA
20035,COWLEY,0.2597402597402597
20037,CRAWFORD,0.09000900090009001
20039,DECATUR,NA
20041,DICKINSON,0.5194805194805194
20043,DONIPHAN,NA
20045,DOUGLAS,0.5957108816521048
20047,EDWARDS,NA
20049,ELK,NA
20051,ELLIS,0.380517503805175
20053,ELLSWORTH,NA
20055,FINNEY,0.5904059040590406
20057,FORD,0.56657223796034
20059,FRANKLIN,0.4424778761061947
20061,GEARY,0.641025641025641
20063,GOVE,NA
20065,GRAHAM,NA
20067,GRANT,0.33112582781456956
20069,GRAY,0.2222222222222222
20071,GREELEY,NA
20073,GREENWOOD,NA
20075,HAMILTON,NA
20077,HARPER,0.2915451895043732
20079,HARVEY,0.3597122302158274
20081,HASKELL,NA
20083,HODGEMAN,0.4149377593360996
20085,JACKSON,NA
20087,JEFFERSON,0.19569471624266144
20089,JEWELL,NA
20091,JOHNSON,0.587480586130056
20093,KEARNY,0.4149377593360996
20095,KINGMAN,0.22026431718061676
20097,KIOWA,NA
20099,LABETTE,0.15174506828528073
20101,LANE,NA
20103,LEAVENWORTH,0.587248322147651
20105,LINCOLN,NA
20107,LINN,NA
20109,LOGAN,NA
20111,LYON,NA
20113,MCPHERSON,0.24855012427506215
20115,MARION,NA
20117,MARSHALL,0.09551098376313276
20119,MEADE,NA
20121,MIAMI,NA
20123,MITCHELL,0.18587360594795538
20125,MONTGOMERY,0.3062787136294028
20127,MORRIS,0.5797101449275363
20129,MORTON,NA
20131,NEMAHA,NA
20133,NEOSHO,0.1763668430335097
20135,NESS,NA
20137,NORTON,0.2583979328165375
20139,OSAGE,0.21413276231263384
20141,OSBORNE,NA
20143,OTTAWA,NA
20145,PAWNEE,NA
20147,PHILLIPS,NA
20149,POTTAWATOMIE,NA
20151,PRATT,0.234192037470726
20153,RAWLINS,NA
20155,RENO,0.3004807692307693
20157,REPUBLIC,NA
20159,RICE,NA
20161,RILEY,0.1444043321299639
20163,ROOKS,NA
20165,RUSH,NA
20167,RUSSELL,NA
20169,SALINE,NA
20171,SCOTT,NA
20173,SEDGWICK,1.6666666666666667
20175,SEWARD,NA
20177,SHAWNEE,0.31675641431738993
20179,SHERIDAN,NA
20181,SHERMAN,0.2352941176470588
20183,SMITH,NA
20185,STAFFORD,NA
20187,STANTON,NA
20189,STEVENS,0.4694835680751174
20191,SUMNER,NA
20193,THOMAS,NA
20195,TREGO,0.398406374501992
20197,WABAUNSEE,0.31645569620253167
20199,WALLACE,NA
20201,WASHINGTON,NA
20203,WICHITA,NA
20205,WILSON,0.26595744680851063
20207,WOODSON,NA
20209,WYANDOTTE,0.8898305084745763
21001,ADAIR,0.2079002079002079
21003,ALLEN,0.24691358024691357
21005,ANDERSON,0.9836065573770493
21007,BALLARD,0.546448087431694
21009,BARREN,0.07309941520467836
21011,BATH,0.33444816053511706
21013,BELL,0.37735849056603776
21015,BOONE,1.4492753623188406
21017,BOURBON,0.37243947858473
21019,BOYD,0.2766251728907331
21021,BOYLE,0.7763975155279503
21023,BRACKEN,NA
21025,BREATHITT,NA
21027,BRECKINRIDGE,0.18450184501845018
21029,BULLITT,1.3253012048192772
21031,BUTLER,NA
21033,CALDWELL,0.36101083032490977
21035,CALLOWAY,0.34904013961605584
21037,CAMPBELL,0.9561752988047808
21039,CARLISLE,NA
21041,CARROLL,0.5952380952380952
21043,CARTER,0.2457002457002457
21045,CASEY,0.5736137667304015
21047,CHRISTIAN,1.5278838808250574
21049,CLARK,0.30959752321981426
21051,CLAY,NA
21053,CLINTON,NA
21055,CRITTENDEN,0.4032258064516129
21057,CUMBERLAND,NA
21059,DAVIESS,0.17016449234259784
21061,EDMONSON,NA
21063,ELLIOTT,NA
21065,ESTILL,NA
21067,FAYETTE,0.8825622775800712
21069,FLEMING,0.30075187969924816
21071,FLOYD,0.2061855670103093
21073,FRANKLIN,0.9615384615384616
21075,FULTON,NA
21077,GALLATIN,3.0303030303030303
21079,GARRARD,0.8048289738430584
21081,GRANT,NA
21083,GRAVES,1.509433962264151
21085,GRAYSON,0.3184713375796179
21087,GREEN,NA
21089,GREENUP,0.4728132387706856
21091,HANCOCK,NA
21093,HARDIN,0.5390835579514826
21095,HARLAN,1.5151515151515151
21097,HARRISON,NA
21099,HART,0.30816640986132515
21101,HENDERSON,0.49813200498132004
21103,HENRY,0.2890173410404624
21105,HICKMAN,NA
21107,HOPKINS,0.340522133938706
21109,JACKSON,NA
21111,JEFFERSON,1.1843688643992651
21113,JESSAMINE,0.8387698042870456
21115,JOHNSON,1.6666666666666667
21117,KENTON,0.7633587786259541
21119,KNOTT,2.197802197802198
21121,KNOX,NA
21123,LARUE,0.2358490566037736
21125,LAUREL,0.7414272474513438
21127,LAWRENCE,1.5625
21129,LEE,NA
21131,LESLIE,NA
21133,LETCHER,NA
21135,LEWIS,NA
21137,LINCOLN,0.8620689655172413
21139,LIVINGSTON,1.1494252873563218
21141,LOGAN,0.2962962962962963
21143,LYON,NA
21145,MCCRACKEN,0.5656819610307983
21147,MCCREARY,NA
21149,MCLEAN,NA
21151,MADISON,0.7377598926894702
21153,MAGOFFIN,NA
21155,MARION,0.23866348448687352
21157,MARSHALL,0.9009009009009009
21159,MARTIN,NA
21161,MASON,NA
21163,MEADE,NA
21165,MENIFEE,0.6535947712418301
21167,MERCER,0.2074688796680498
21169,METCALFE,NA
21171,MONROE,NA
21173,MONTGOMERY,0.1718213058419244
21175,MORGAN,0.36900369003690037
21177,MUHLENBERG,NA
21179,NELSON,0.2909796314258002
21181,NICHOLAS,0.4807692307692308
21183,OHIO,NA
21185,OLDHAM,0.851063829787234
21187,OWEN,NA
21189,OWSLEY,NA
21191,PENDLETON,0.49019607843137253
21193,PERRY,NA
21195,PIKE,0.7712082262210797
21197,POWELL,NA
21199,PULASKI,0.31645569620253167
21201,ROBERTSON,1.5625
21203,ROCKCASTLE,0.6191950464396285
21205,ROWAN,0.423728813559322
21207,RUSSELL,NA
21209,SCOTT,1.0714285714285714
21211,SHELBY,1.1494252873563218
21213,SIMPSON,NA
21215,SPENCER,NA
21217,TAYLOR,0.5340453938584779
21219,TODD,NA
21221,TRIGG,NA
21223,TRIMBLE,NA
21225,UNION,NA
21227,WARREN,1.0484927916120577
21229,WASHINGTON,0.4008016032064128
21231,WAYNE,NA
21233,WEBSTER,NA
21235,WHITLEY,0.5272407732864675
21237,WOLFE,NA
21239,WOODFORD,0.9787928221859705
22001,ACADIA,0.6125574272588056
22003,ALLEN,1.694915254237288
22005,ASCENSION,0.8665966386554622
22007,ASSUMPTION,0.4434589800443459
22009,AVOYELLES,0.5170630816959669
22011,BEAUREGARD,0.43668122270742354
22013,BIENVILLE,0.6688963210702341
22015,BOSSIER,1.8181818181818181
22017,CADDO,1.252069536423841
22019,CALCASIEU,0.8268259072117593
22021,CALDWELL,0.6578947368421052
22023,CAMERON,NA
22025,CATAHOULA,0.9230769230769231
22027,CLAIBORNE,1.3986013986013985
22029,CONCORDIA,0.5181347150259068
22031,DE SOTO,0.5517241379310345
22033,EAST BATON ROUGE,1.2925902828958558
22035,EAST CARROLL,0.819672131147541
22037,EAST FELICIANA,1.2371134020618557
22039,EVANGELINE,0.6968641114982579
22041,FRANKLIN,1.5
22043,GRANT,1.1173184357541899
22045,IBERIA,0.9135896459840122
22047,IBERVILLE,0.3281378178835111
22049,JACKSON,2.2026431718061676
22051,JEFFERSON,2.3343694764429817
22053,JEFFERSON DAVIS,0.6611570247933884
22055,LAFAYETTE,0.878429671402234
22057,LAFOURCHE,0.6944444444444444
22059,LA SALLE,1.466275659824047
22061,LINCOLN,1.1816838995568686
22063,LIVINGSTON,1.8674966651845264
22065,MADISON,0.22075055187637968
22067,MOREHOUSE,1.5948963317384368
22069,"NATCHITOCHES",0.35629453681710216
22071,ORLEANS,2.1253286590709903
22073,OUACHITA,0.7240853658536586
22075,PLAQUEMINES,1.8094089264173705
22077,POINTE COUPEE,0.3236245954692557
22079,RAPIDES,1.25138019874862
22081,RED RIVER,NA
22083,RICHLAND,0.13192612137203166
22085,SABINE,1.6901408450704223
22087,SAINT BERNARD,1.9884009942004972
22089,SAINT CHARLES,1.3311148086522462
22091,SAINT HELENA,0.6872852233676976
22093,SAINT JAMES,1.7897091722595078
22095,ST JOHN THE BAPTIST,1.4442518775274409
22097,SAINT LANDRY,0.5589430894308943
22099,SAINT MARTIN,1.604668125455872
22101,SAINT MARY,0.4828797190517998
22103,SAINT TAMMANY,2.6532236667551072
22105,TANGIPAHOA,0.9105041083721963
22107,TENSAS,NA
22109,TERREBONNE,0.7537214999057849
22111,UNION,0.8976660682226212
22113,VERMILION,0.7554945054945055
22115,VERNON,1.2658227848101267
22117,WASHINGTON,5.46218487394958
22119,WEBSTER,2.793296089385475
22121,WEST BATON ROUGE,0.562429696287964
22123,WEST CARROLL,NA
22125,WEST FELICIANA,0.398406374501992
22127,WINN,0.43859649122807015
23001,ANDROSCOGGIN,0.5945303210463734
23003,AROOSTOOK,0.05425935973955508
23005,CUMBERLAND,0.4624407850214302
23007,FRANKLIN,0.8710801393728222
23009,HANCOCK,0.3015454202789295
23011,KENNEBEC,0.36082474226804123
23013,KNOX,0.4062681369704005
23015,LINCOLN,0.6222222222222222
23017,OXFORD,0.7361963190184049
23019,PENOBSCOT,0.28308563340410475
23021,PISCATAQUIS,0.35335689045936397
23023,SAGADAHOC,0.7363770250368188
23025,SOMERSET,0.2789400278940028
23027,WALDO,0.730816077953715
23029,WASHINGTON,0.33472803347280333
23031,YORK,0.25246729400963963
24001,ALLEGANY,1.25
24003,ANNE ARUNDEL,2.1872340425531918
24005,BALTIMORE,2.452344152498712
24009,CALVERT,1.6220600162206
24011,CAROLINE,0.5405405405405406
24013,CARROLL,2.0100502512562812
24015,CECIL,1.6829052258635961
24017,CHARLES,1.8726591760299627
24019,DORCHESTER,0.4098360655737705
24021,FREDERICK,1.7833553500660502
24023,GARRETT,0.12642225031605564
24025,HARFORD,2.083333333333333
24027,HOWARD,2.848023569850233
24029,KENT,0.8456659619450317
24031,MONTGOMERY,2.9561710546339977
24033,PRINCE GEORGES,3.1897995105825783
24035,QUEEN ANNES,0.7299270072992701
24037,SAINT MARYS,1.7770597738287561
24039,SOMERSET,2.788844621513944
24041,TALBOT,0.8051529790660225
24043,WASHINGTON,1.215277777777778
24045,WICOMICO,1.7448200654307526
24047,WORCESTER,0.6993006993006993
24510,BALTIMORE CITY,2.9307544662631035
25001,BARNSTABLE,0.40041524543971524
25003,BERKSHIRE,1.074523396880416
25005,BRISTOL,0.8245114006514658
25007,DUKES,0.10010010010010009
25009,ESSEX,1.4102428162443008
25011,FRANKLIN,2.4734982332155475
25013,HAMPDEN,1.7608517608517609
25015,HAMPSHIRE,5.008576329331047
25017,MIDDLESEX,1.2066282656766127
25019,"NANTUCKET",0.4291845493562232
25021,NORFOLK,1.3586025802032196
25023,PLYMOUTH,1.1168618904930536
25025,SUFFOLK,1.824761710586676
25027,WORCESTER,0.9312988036392291
26001,ALCONA,1.4925373134328357
26003,ALGER,NA
26005,ALLEGAN,0.5497861942577886
26007,ALPENA,0.6451612903225806
26009,ANTRIM,0.5602240896358543
26011,ARENAC,NA
26013,BARAGA,NA
26015,BARRY,0.3703703703703704
26017,BAY,0.5390835579514826
26019,BENZIE,1.0033444816053512
26021,BERRIEN,0.9717868338557993
26023,BRANCH,0.436046511627907
26025,CALHOUN,1.1296395911780528
26027,CASS,0.17921146953405018
26029,CHARLEVOIX,0.3669724770642202
26031,CHEBOYGAN,0.45045045045045046
26033,CHIPPEWA,0.1890359168241966
26035,CLARE,0.3058103975535168
26037,CLINTON,0.7042253521126761
26039,CRAWFORD,NA
26041,DELTA,NA
26043,DICKINSON,NA
26045,EATON,0.5500550055005501
26047,EMMET,0.6134969325153374
26049,GENESEE,1.4185355309375844
26051,GLADWIN,0.8032128514056224
26053,GOGEBIC,NA
26055,GRAND TRAVERSE,0.6316620607974733
26057,GRATIOT,0.3597122302158274
26059,HILLSDALE,0.15015015015015015
26061,HOUGHTON,NA
26063,HURON,NA
26065,INGHAM,0.9102977432201783
26067,IONIA,0.2962962962962963
26069,IOSCO,NA
26071,IRON,1.0101010101010102
26073,ISABELLA,0.17921146953405018
26075,JACKSON,0.23992322456813817
26077,KALAMAZOO,0.7529225282345948
26079,KALKASKA,1.4851485148514851
26081,KENT,0.8575147385345686
26083,KEWEENAW,NA
26085,LAKE,NA
26087,LAPEER,0.7194244604316548
26089,LEELANAU,0.5444646098003629
26091,LENAWEE,0.45801526717557256
26093,LIVINGSTON,0.7947019867549668
26095,LUCE,NA
26097,MACKINAC,0.3424657534246575
26099,MACOMB,1.3468769291206015
26101,MANISTEE,0.33003300330033003
26103,MARQUETTE,0.09082652134423251
26105,MASON,0.35211267605633806
26107,MECOSTA,0.24509803921568626
26109,MENOMINEE,NA
26111,MIDLAND,0.706090026478376
26113,MISSAUKEE,0.9569377990430622
26115,MONROE,1.1027278003482297
26117,MONTCALM,0.6896551724137931
26119,MONTMORENCY,NA
26121,MUSKEGON,0.2631578947368421
26123,NEWAYGO,0.21321961620469082
26125,OAKLAND,1.532502526103065
26127,OCEANA,NA
26129,OGEMAW,0.30120481927710846
26131,ONTONAGON,NA
26133,OSCEOLA,0.4329004329004329
26135,OSCODA,2.247191011235955
26137,OTSEGO,0.8583690987124464
26139,OTTAWA,0.6889564336372846
26141,PRESQUE ISLE,NA
26143,ROSCOMMON,NA
26145,SAGINAW,0.7469654528478058
26147,SAINT CLAIR,0.9751340809361287
26149,SAINT JOSEPH,1.3597033374536465
26151,SANILAC,0.26833631484794274
26153,SCHOOLCRAFT,NA
26155,SHIAWASSEE,0.11325028312570783
26157,TUSCOLA,0.19665683382497542
26159,VAN BUREN,1.1310084825636193
26161,WASHTENAW,0.9504894311249823
26163,WAYNE,1.7713735987953825
26165,WEXFORD,NA
27001,AITKIN,NA
27003,ANOKA,0.8542627712284299
27005,BECKER,0.16474464579901155
27007,BELTRAMI,NA
27009,BENTON,0.38022813688212925
27011,BIG STONE,NA
27013,BLUE EARTH,0.24084778420038533
27015,BROWN,NA
27017,CARLTON,0.19880715705765406
27019,CARVER,0.6568144499178982
27021,CASS,0.13831258644536654
27023,CHIPPEWA,NA
27025,CHISAGO,0.5015045135406219
27027,CLAY,0.18438844499078058
27029,CLEARWATER,NA
27031,COOK,NA
27033,COTTONWOOD,NA
27035,CROW WING,NA
27037,DAKOTA,0.7741935483870968
27039,DODGE,0.14124293785310735
27041,DOUGLAS,NA
27043,FARIBAULT,NA
27045,FILLMORE,NA
27047,FREEBORN,0.1937984496124031
27049,GOODHUE,0.24330900243309003
27051,GRANT,NA
27053,HENNEPIN,0.9859273615909665
27055,HOUSTON,0.13793103448275862
27057,HUBBARD,0.1607717041800643
27059,ISANTI,0.14534883720930233
27061,ITASCA,0.21164021164021166
27063,JACKSON,NA
27065,KANABEC,NA
27067,KANDIYOHI,0.3712871287128713
27069,KITTSON,NA
27071,KOOCHICHING,NA
27073,LAC QUI PARLE,NA
27075,LAKE,NA
27077,LAKE OF THE WOODS,NA
27079,LE SUEUR,0.2232142857142857
27081,LINCOLN,0.16025641025641024
27083,LYON,NA
27085,MCLEOD,NA
27087,MAHNOMEN,NA
27089,MARSHALL,NA
27091,MARTIN,0.08438818565400844
27093,MEEKER,0.1152073732718894
27095,MILLE LACS,0.15151515151515152
27097,MORRISON,NA
27099,MOWER,NA
27101,MURRAY,NA
27103,NICOLLET,0.18001800180018002
27105,NOBLES,NA
27107,NORMAN,NA
27109,OLMSTED,0.25626423690205014
27111,OTTER TAIL,0.08830022075055188
27113,PENNINGTON,NA
27115,PINE,NA
27117,PIPESTONE,NA
27119,POLK,0.07092198581560284
27121,POPE,NA
27123,RAMSEY,0.790445914597474
27125,RED LAKE,NA
27127,REDWOOD,NA
27129,RENVILLE,0.18365472910927455
27131,RICE,0.3629764065335753
27133,ROCK,NA
27135,ROSEAU,NA
27137,SAINT LOUIS,0.44869877355668564
27139,SCOTT,0.8458035133376708
27141,SHERBURNE,0.546448087431694
27143,SIBLEY,NA
27145,STEARNS,0.4170141784820684
27147,STEELE,0.6578947368421052
27149,STEVENS,NA
27151,SWIFT,0.15772870662460567
27153,TODD,NA
27155,TRAVERSE,NA
27157,WABASHA,NA
27159,WADENA,0.39603960396039606
27161,WASECA,0.2176278563656148
27163,WASHINGTON,0.8627946127946129
27165,WATONWAN,NA
27167,WILKIN,0.27548209366391185
27169,WINONA,0.27149321266968324
27171,WRIGHT,0.4857737682165163
27173,YELLOW MEDICINE,NA
28001,ADAMS,2.281021897810219
28003,ALCORN,0.1059322033898305
28005,AMITE,0.5555555555555556
28007,ATTALA,1.1235955056179776
28009,BENTON,0.3508771929824561
28011,BOLIVAR,0.5046863734679163
28013,CALHOUN,NA
28015,CARROLL,0.3968253968253968
28017,CHICKASAW,0.5780346820809248
28019,CHOCTAW,NA
28021,CLAIBORNE,1.0282776349614395
28023,CLARKE,1.8461538461538463
28025,CLAY,0.881057268722467
28027,COAHOMA,0.4269854824935952
28029,COPIAH,1.5197568389057752
28031,COVINGTON,0.5891016200294551
28033,DESOTO,2.0351365454861714
28035,FORREST,0.5780346820809248
28037,FRANKLIN,NA
28039,GEORGE,0.6711409395973155
28041,GREENE,NA
28043,GRENADA,0.2472187886279357
28045,HANCOCK,0.7361963190184049
28047,HARRISON,1.2452107279693485
28049,HINDS,1.3763537906137184
28051,HOLMES,1.9756838905775076
28053,HUMPHREYS,2.1806853582554515
28055,ISSAQUENA,NA
28057,ITAWAMBA,0.42016806722689076
28059,JACKSON,0.999000999000999
28061,JASPER,1.6528925619834711
28063,JEFFERSON,1
28065,JEFFERSON DAVIS,0.36231884057971014
28067,JONES,0.7941760423560555
28069,KEMPER,0.4
28071,LAFAYETTE,0.5730659025787965
28073,LAMAR,0.5447941888619854
28075,LAUDERDALE,1.1357490535424553
28077,LAWRENCE,0.6688963210702341
28079,LEAKE,0.21141649048625794
28081,LEE,1.4461538461538461
28083,LEFLORE,0.7142857142857143
28085,LINCOLN,1.6829052258635961
28087,LOWNDES,1.1946902654867257
28089,MADISON,0.8355410637864276
28091,MARION,0.6127450980392157
28093,MARSHALL,2.301635372501514
28095,MONROE,0.7407407407407408
28097,MONTGOMERY,0.8695652173913043
28099,NESHOBA,0.7886435331230284
28101,NEWTON,0.6437768240343348
28103,NOXUBEE,0.3102378490175801
28105,OKTIBBEHA,1.9278606965174128
28107,PANOLA,0.5040957781978576
28109,PEARL RIVER,1.019607843137255
28111,PERRY,NA
28113,PIKE,0.6970260223048327
28115,PONTOTOC,0.336322869955157
28117,PRENTISS,0.2364066193853428
28119,QUITMAN,0.6389776357827476
28121,RANKIN,0.7118311242022582
28123,SCOTT,0.1400560224089636
28125,SHARKEY,NA
28127,SIMPSON,0.2857142857142857
28129,SMITH,0.7444168734491315
28131,STONE,0.8403361344537815
28133,SUNFLOWER,2.2433132010353756
28135,TALLAHATCHIE,0.35714285714285715
28137,TATE,1.1752136752136753
28139,TIPPAH,0.35714285714285715
28141,TISHOMINGO,NA
28143,TUNICA,0.6944444444444444
28145,UNION,0.6486486486486486
28147,WALTHALL,0.6872852233676976
28149,WARREN,1.0249839846252402
28151,WASHINGTON,0.5899705014749262
28153,WAYNE,1.8731988472622478
28155,WEBSTER,0.8174386920980926
28157,WILKINSON,0.35714285714285715
28159,WINSTON,0.5084745762711864
28161,YALOBUSHA,NA
28163,YAZOO,1.3320647002854424
29001,ADAIR,NA
29003,ANDREW,NA
29005,ATCHISON,NA
29007,AUDRAIN,NA
29009,BARRY,NA
29011,BARTON,NA
29013,BATES,NA
29015,BENTON,0.3236245954692557
29017,BOLLINGER,NA
29019,BOONE,0.6796941376380629
29021,BUCHANAN,0.5490734385724091
29023,BUTLER,0.15396458814472672
29025,CALDWELL,NA
29027,CALLAWAY,NA
29029,CAMDEN,NA
29031,CAPE GIRARDEAU,0.20408163265306123
29033,CARROLL,NA
29035,CARTER,NA
29037,CASS,1.1164274322169059
29039,CEDAR,NA
29041,CHARITON,0.17825311942959002
29043,CHRISTIAN,0.4570004154549232
29045,CLARK,0.3205128205128205
29047,CLAY,0.7688723205964585
29049,CLINTON,0.25773195876288657
29051,COLE,0.16842105263157894
29053,COOPER,NA
29055,CRAWFORD,NA
29057,DADE,0.2617801047120419
29059,DALLAS,0.16233766233766234
29061,DAVIESS,0.2398081534772182
29063,DEKALB,NA
29065,DENT,0.21739130434782608
29067,DOUGLAS,0.16835016835016833
29069,DUNKLIN,NA
29071,FRANKLIN,0.17145306472353192
29073,GASCONADE,0.1669449081803005
29075,GENTRY,NA
29077,GREENE,0.35729009207090834
29079,GRUNDY,0.2915451895043732
29081,HARRISON,NA
29083,HENRY,0.2518891687657431
29085,HICKORY,0.28169014084507044
29087,HOLT,NA
29089,HOWARD,NA
29091,HOWELL,0.21067415730337077
29093,IRON,NA
29095,JACKSON,0.8465542108233524
29097,JASPER,0.34802784222737815
29099,JEFFERSON,0.3848845346396081
29101,JOHNSON,NA
29103,KNOX,NA
29105,LACLEDE,0.3303055326176713
29107,LAFAYETTE,0.1037344398340249
29109,LAWRENCE,0.15661707126076743
29111,LEWIS,NA
29113,LINCOLN,0.4770992366412214
29115,LINN,0.1589825119236884
29117,LIVINGSTON,0.2012072434607646
29119,MCDONALD,0.21141649048625794
29121,MACON,0.3395585738539898
29123,MADISON,0.546448087431694
29125,MARIES,NA
29127,MARION,NA
29129,MERCER,NA
29131,MILLER,NA
29133,MISSISSIPPI,0.5420054200542005
29135,MONITEAU,0.14903129657228018
29137,MONROE,NA
29139,MONTGOMERY,0.2145922746781116
29141,MORGAN,0.4658385093167702
29143,NEW MADRID,NA
29145,NEWTON,0.3147128245476003
29147,NODAWAY,0.1251564455569462
29149,OREGON,NA
29151,OSAGE,NA
29153,OZARK,NA
29155,PEMISCOT,0.27932960893854747
29157,PERRY,0.1455604075691412
29159,PETTIS,0.4240882103477523
29161,PHELPS,0.16583747927031509
29163,PIKE,0.3629764065335753
29165,PLATTE,1.3145082765335931
29167,POLK,0.1004016064257028
29169,PULASKI,0.6297229219143577
29171,PUTNAM,0.2857142857142857
29173,RALLS,NA
29175,RANDOLPH,NA
29177,RAY,0.36101083032490977
29179,REYNOLDS,NA
29181,RIPLEY,NA
29183,SAINT CHARLES,0.6218365871294288
29185,SAINT CLAIR,0.2136752136752137
29186,STE. GENEVIEVE,NA
29187,SAINT FRANCOIS,0.35778175313059035
29189,SAINT LOUIS,0.8229591658820657
29195,SALINE,NA
29197,SCHUYLER,NA
29199,SCOTLAND,NA
29201,SCOTT,0.15527950310559005
29203,SHANNON,NA
29205,SHELBY,NA
29207,STODDARD,NA
29209,STONE,NA
29211,SULLIVAN,NA
29213,TANEY,0.43532338308457713
29215,TEXAS,0.11560693641618498
29217,VERNON,NA
29219,WARREN,0.2008032128514056
29221,WASHINGTON,0.23696682464454977
29223,WAYNE,0.57636887608069165
29225,WEBSTER,NA
29227,WORTH,NA
29229,WRIGHT,0.3157894736842105
29510,SAINT LOUIS CITY,1.1183180496533214
30001,BEAVERHEAD,NA
30003,BIG HORN,NA
30005,BLAINE,NA
30007,BROADWATER,NA
30009,CARBON,NA
30011,CARTER,NA
30013,CASCADE,0.1850709438618137
30015,CHOUTEAU,NA
30017,CUSTER,NA
30019,DANIELS,NA
30021,DAWSON,NA
30023,DEER LODGE,NA
30025,FALLON,NA
30027,FERGUS,NA
30029,FLATHEAD,0.24057738572574178
30031,GALLATIN,0.3366193796585718
30033,GARFIELD,NA
30035,GLACIER,NA
30037,GOLDEN VALLEY,NA
30039,GRANITE,NA
30041,HILL,NA
30043,JEFFERSON,0.8928571428571428
30045,JUDITH BASIN,NA
30047,LAKE,0.13404825737265416
30049,LEWIS AND CLARK,0.24390243902439024
30051,LIBERTY,NA
30053,LINCOLN,NA
30055,MCCONE,NA
30057,MADISON,NA
30059,MEAGHER,NA
30061,MINERAL,NA
30063,MISSOULA,0.20951810835079318
30065,MUSSELSHELL,NA
30067,PARK,0.7067137809187279
30069,PETROLEUM,NA
30071,PHILLIPS,NA
30073,PONDERA,NA
30075,POWDER RIVER,NA
30077,POWELL,NA
30079,PRAIRIE,NA
30081,RAVALLI,0.1885014137606032
30083,RICHLAND,0.29455081001472755
30085,ROOSEVELT,0.5102040816326531
30087,ROSEBUD,NA
30089,SANDERS,NA
30091,SHERIDAN,NA
30093,SILVER BOW,NA
30095,STILLWATER,NA
30097,SWEET GRASS,0.6711409395973155
30099,TETON,NA
30101,TOOLE,NA
30103,TREASURE,NA
30105,VALLEY,0.22935779816513763
30107,WHEATLAND,NA
30109,WIBAUX,NA
30111,YELLOWSTONE,0.20634511220015478
30113,YELLOWSTONE NATIONAL PARK,NA
31001,ADAMS,NA
31003,ANTELOPE,NA
31005,ARTHUR,NA
31007,BANNER,NA
31009,BLAINE,NA
31011,BOONE,NA
31013,BOX BUTTE,0.25773195876288657
31015,BOYD,NA
31017,BROWN,NA
31019,BUFFALO,0.26121027427078797
31021,BURT,0.1893939393939394
31023,BUTLER,NA
31025,CASS,0.27586206896551724
31027,CEDAR,0.7299270072992701
31029,CHASE,NA
31031,CHERRY,NA
31033,CHEYENNE,NA
31035,CLAY,0.2044989775051125
31037,COLFAX,NA
31039,CUMING,NA
31041,CUSTER,NA
31043,DAKOTA,0.5042016806722689
31045,DAWES,NA
31047,DAWSON,0.08568980291345331
31049,DEUEL,NA
31051,DIXON,0.9174311926605505
31053,DODGE,0.38639876352395675
31055,DOUGLAS,0.5940141649531643
31057,DUNDY,NA
31059,FILLMORE,NA
31061,FRANKLIN,NA
31063,FRONTIER,NA
31065,FURNAS,NA
31067,GAGE,0.32232070910556004
31069,GARDEN,NA
31071,GARFIELD,NA
31073,GOSPER,NA
31075,GRANT,NA
31077,GREELEY,NA
31079,HALL,0.29311187103077674
31081,HAMILTON,NA
31083,HARLAN,NA
31085,HAYES,NA
31087,HITCHCOCK,NA
31089,HOLT,NA
31091,HOOKER,NA
31093,HOWARD,NA
31095,JEFFERSON,NA
31097,JOHNSON,0.4291845493562232
31099,KEARNEY,NA
31101,KEITH,0.2061855670103093
31103,KEYA PAHA,NA
31105,KIMBALL,NA
31107,KNOX,0.09569377990430622
31109,LANCASTER,0.37651652489192583
31111,LINCOLN,0.1413427561837456
31113,LOGAN,NA
31115,LOUP,NA
31117,MCPHERSON,NA
31119,MADISON,0.053304904051172705
31121,MERRICK,NA
31123,MORRILL,NA
31125,"NANCE",NA
31127,NEMAHA,NA
31129,NUCKOLLS,NA
31131,OTOE,NA
31133,PAWNEE,0.5128205128205128
31135,PERKINS,NA
31137,PHELPS,NA
31139,PIERCE,NA
31141,PLATTE,0.04935834155972359
31143,POLK,NA
31145,RED WILLOW,NA
31147,RICHARDSON,NA
31149,ROCK,NA
31151,SALINE,NA
31153,SARPY,0.24381748519679552
31155,SAUNDERS,NA
31157,SCOTTS BLUFF,NA
31159,SEWARD,0.340522133938706
31161,SHERIDAN,NA
31163,SHERMAN,NA
31165,SIOUX,NA
31167,STANTON,NA
31169,THAYER,NA
31171,THOMAS,NA
31173,THURSTON,NA
31175,VALLEY,0.2028397565922921
31177,WASHINGTON,0.14513788098693758
31179,WAYNE,0.5110732538330494
31181,WEBSTER,NA
31183,WHEELER,NA
31185,YORK,NA
32001,CHURCHILL,NA
32003,CLARK,0.0029099374363451185
32005,DOUGLAS,NA
32007,ELKO,NA
32009,ESMERALDA,NA
32011,EUREKA,NA
32013,HUMBOLDT,NA
32015,LANDER,NA
32017,LINCOLN,NA
32019,LYON,NA
32021,MINERAL,NA
32023,NYE,NA
32027,PERSHING,NA
32029,STOREY,NA
32031,WASHOE,NA
32033,WHITE PINE,NA
32510,CARSON CITY,NA
33001,BELKNAP,0.9826152683295541
33003,CARROLL,0.631911532385466
33005,CHESHIRE,0.38197097020626436
33007,COOS,0.2136752136752137
33009,GRAFTON,0.20597322348094746
33011,HILLSBOROUGH,0.7966143888473985
33013,MERRIMACK,0.26720106880427524
33015,ROCKINGHAM,0.7246376811594203
33017,STRAFFORD,0.35228988424760943
33019,SULLIVAN,NA
34001,ATLANTIC,1.945837512537613
34003,BERGEN,2.9620467417485843
34005,BURLINGTON,1.4199759326113117
34007,CAMDEN,1.5834836640609342
34009,CAPE MAY,1.8214285714285714
34011,CUMBERLAND,1.7955112219451372
34013,ESSEX,3.0060304746121624
34015,GLOUCESTER,1.2527964205816555
34017,HUDSON,4.053133514986376
34019,HUNTERDON,1.8569463548830811
34021,MERCER,1.7271157167530224
34023,MIDDLESEX,3.3399881292829012
34025,MONMOUTH,2.956352819765677
34027,MORRIS,2.617841838722244
34029,OCEAN,4.0382037533512065
34031,PASSAIC,3.2756085606926972
34033,SALEM,0.8519701810436635
34035,SOMERSET,2.4648786717752236
34037,SUSSEX,4.934070608251808
34039,UNION,2.887041709959923
34041,WARREN,3.187250996015936
35001,BERNALILLO,1.2375249500998005
35003,CATRON,NA
35005,CHAVES,0.8373205741626795
35006,CIBOLA,NA
35007,COLFAX,1.092896174863388
35009,CURRY,0.2751031636863824
35011,DE BACA,NA
35013,DONA ANA,1.9642230796211857
35015,EDDY,0.1885014137606032
35017,GRANT,0.7067137809187279
35019,GUADALUPE,NA
35021,HARDING,NA
35023,HIDALGO,NA
35025,LEA,1.1838440111420612
35027,LINCOLN,0.24330900243309003
35028,LOS ALAMOS,0.48543689320388345
35029,LUNA,0.5181347150259068
35031,MCKINLEY,0.41067761806981523
35033,MORA,NA
35035,OTERO,0.9852216748768473
35037,QUAY,NA
35039,RIO ARRIBA,0.3448275862068966
35041,ROOSEVELT,1.083032490974729
35043,SANDOVAL,0.9540329575021683
35045,SAN JUAN,0.14513788098693758
35047,SAN MIGUEL,0.4464285714285714
35049,SANTA FE,1.080607476635514
35051,SIERRA,NA
35053,SOCORRO,1.9417475728155338
35055,TAOS,0.43731778425655976
35057,TORRANCE,1.7241379310344827
35059,UNION,NA
35061,VALENCIA,2.8260869565217392
36001,ALBANY,0.9979728676126618
36003,ALLEGANY,1.2722646310432568
36005,BRONX,3.331952417588921
36007,BROOME,0.7536041939711665
36009,CATTARAUGUS,1.1702127659574468
36011,CAYUGA,0.24896265560165973
36013,CHAUTAUQUA,1.1841326228537596
36015,CHEMUNG,0.5172413793103449
36017,CHENANGO,1.718213058419244
36019,CLINTON,0.5644402634054563
36021,COLUMBIA,1.0980966325036603
36023,CORTLAND,0.3787878787878788
36025,DELAWARE,1.347305389221557
36027,DUTCHESS,1.6452442159383032
36029,ERIE,0.890190996675869
36031,ESSEX,0.30120481927710846
36033,FRANKLIN,0.3412969283276451
36035,FULTON,1.6920473773265652
36037,GENESEE,0.22753128555176336
36039,GREENE,0.45045045045045046
36041,HAMILTON,1.0638297872340425
36043,HERKIMER,0.56657223796034
36045,JEFFERSON,0.42038885969521805
36047,KINGS,4.206850235057085
36049,LEWIS,NA
36051,LIVINGSTON,0.9489916963226572
36053,MADISON,0.7829977628635347
36055,MONROE,0.6573597180807806
36057,MONTGOMERY,1.7857142857142856
36059,"NASSAU",3.1762590726477704
36061,NEW YORK,2.3644436157691726
36063,NIAGARA,0.984009840098401
36065,ONEIDA,1.0051694428489375
36067,ONONDAGA,0.7279144149112164
36069,ONTARIO,0.6372325898953117
36071,ORANGE,3.123753821613718
36073,ORLEANS,0.5747126436781609
36075,OSWEGO,1.016702977487291
36077,OTSEGO,0.5889281507656066
36079,PUTNAM,2.504638218923933
36081,QUEENS,4.227927173002209
36083,RENSSELAER,0.7709750566893424
36085,RICHMOND,3.096172198070194
36087,ROCKLAND,5.336376480817302
36089,SAINT LAWRENCE,0.3062787136294028
36091,SARATOGA,0.8135917683656377
36093,SCHENECTADY,1.5037593984962405
36095,SCHOHARIE,2.3255813953488373
36097,SCHUYLER,NA
36099,SENECA,0.45558086560364464
36101,STEUBEN,0.16638935108153077
36103,SUFFOLK,2.8453288538570876
36105,SULLIVAN,2.25
36107,TIOGA,0.3552397868561279
36109,TOMPKINS,0.6014215418261345
36111,ULSTER,1.1315789473684212
36113,WARREN,0.13003901170351106
36115,WASHINGTON,1.1730205278592376
36117,WAYNE,1.1075949367088607
36119,WESTCHESTER,2.5226820092940914
36121,WYOMING,1.601423487544484
36123,YATES,0.2762430939226519
37001,ALAMANCE,NA
37003,ALEXANDER,NA
37005,ALLEGHANY,NA
37007,ANSON,NA
37009,ASHE,NA
37011,AVERY,NA
37013,BEAUFORT,NA
37015,BERTIE,NA
37017,BLADEN,NA
37019,BRUNSWICK,NA
37021,BUNCOMBE,NA
37023,BURKE,NA
37025,CABARRUS,NA
37027,CALDWELL,NA
37029,CAMDEN,NA
37031,CARTERET,NA
37033,CASWELL,NA
37035,CATAWBA,NA
37037,CHATHAM,NA
37039,CHEROKEE,NA
37041,CHOWAN,NA
37043,CLAY,NA
37045,CLEVELAND,NA
37047,COLUMBUS,NA
37049,CRAVEN,NA
37051,CUMBERLAND,NA
37053,CURRITUCK,NA
37055,DARE,NA
37057,DAVIDSON,NA
37059,DAVIE,NA
37061,DUPLIN,NA
37063,DURHAM,NA
37065,EDGECOMBE,NA
37067,FORSYTH,NA
37069,FRANKLIN,NA
37071,GASTON,NA
37073,GATES,NA
37075,GRAHAM,NA
37077,GRANVILLE,NA
37079,GREENE,NA
37081,GUILFORD,0.008121497604158206
37083,HALIFAX,NA
37085,HARNETT,NA
37087,HAYWOOD,NA
37089,HENDERSON,NA
37091,HERTFORD,NA
37093,HOKE,NA
37095,HYDE,NA
37097,IREDELL,NA
37099,JACKSON,NA
37101,JOHNSTON,NA
37103,JONES,NA
37105,LEE,NA
37107,LENOIR,NA
37109,LINCOLN,NA
37111,MCDOWELL,NA
37113,MACON,NA
37115,MADISON,NA
37117,MARTIN,NA
37119,MECKLENBURG,NA
37121,MITCHELL,NA
37123,MONTGOMERY,NA
37125,MOORE,NA
37127,"NASH",NA
37129,NEW HANOVER,0.018439977872026555
37131,NORTHAMPTON,NA
37133,ONSLOW,0.04918839153959665
37135,ORANGE,NA
37137,PAMLICO,NA
37139,PASQUOTANK,NA
37141,PENDER,NA
37143,PERQUIMANS,NA
37145,PERSON,NA
37147,PITT,NA
37149,POLK,NA
37151,RANDOLPH,NA
37153,RICHMOND,NA
37155,ROBESON,NA
37157,ROCKINGHAM,NA
37159,ROWAN,NA
37161,RUTHERFORD,NA
37163,SAMPSON,NA
37165,SCOTLAND,NA
37167,STANLY,NA
37169,STOKES,NA
37171,SURRY,NA
37173,SWAIN,NA
37175,TRANSYLVANIA,NA
37177,TYRRELL,NA
37179,UNION,NA
37181,VANCE,NA
37183,WAKE,0.0041303539713353436
37185,WARREN,NA
37187,WASHINGTON,NA
37189,WATAUGA,NA
37191,WAYNE,NA
37193,WILKES,NA
37195,WILSON,NA
37197,YADKIN,NA
37199,YANCEY,NA
38001,ADAMS,NA
38003,BARNES,NA
38005,BENSON,NA
38007,BILLINGS,NA
38009,BOTTINEAU,NA
38011,BOWMAN,NA
38013,BURKE,NA
38015,BURLEIGH,NA
38017,CASS,NA
38019,CAVALIER,NA
38021,DICKEY,NA
38023,DIVIDE,NA
38025,DUNN,NA
38027,EDDY,NA
38029,EMMONS,NA
38031,FOSTER,NA
38033,GOLDEN VALLEY,NA
38035,GRAND FORKS,NA
38037,GRANT,NA
38039,GRIGGS,NA
38041,HETTINGER,NA
38043,KIDDER,NA
38045,LAMOURE,NA
38047,LOGAN,NA
38049,MCHENRY,NA
38051,MCINTOSH,NA
38053,MCKENZIE,NA
38055,MCLEAN,NA
38057,MERCER,NA
38059,MORTON,NA
38061,MOUNTRAIL,NA
38063,NELSON,NA
38065,OLIVER,NA
38067,PEMBINA,NA
38069,PIERCE,NA
38071,RAMSEY,NA
38073,RANSOM,NA
38075,RENVILLE,NA
38077,RICHLAND,NA
38079,ROLETTE,NA
38081,SARGENT,NA
38083,SHERIDAN,NA
38085,SIOUX,NA
38087,SLOPE,NA
38089,STARK,NA
38091,STEELE,NA
38093,STUTSMAN,NA
38095,TOWNER,NA
38097,TRAILL,NA
38099,WALSH,NA
38101,WARD,NA
38103,WELLS,NA
38105,WILLIAMS,NA
39001,ADAMS,0.9259259259259258
39003,ALLEN,0.26441036488630354
39005,ASHLAND,0.684931506849315
39007,ASHTABULA,0.38314176245210724
39009,ATHENS,NA
39011,AUGLAIZE,0.19646365422396855
39013,BELMONT,0.6361323155216284
39015,BROWN,0.9316770186335404
39017,BUTLER,1.1251278554381179
39019,CARROLL,NA
39021,CHAMPAIGN,0.34071550255536626
39023,CLARK,0.6085192697768762
39025,CLERMONT,1.4290693621470896
39027,CLINTON,0.4807692307692308
39029,COLUMBIANA,1.4570552147239262
39031,COSHOCTON,1.4457831325301205
39033,CRAWFORD,0.49261083743842365
39035,CUYAHOGA,1.2790568346123903
39037,DARKE,0.1480384900074019
39039,DEFIANCE,0.9943181818181818
39041,DELAWARE,1.208605269518975
39043,ERIE,0.7330482590103848
39045,FAIRFIELD,1.0911925175370227
39047,FAYETTE,0.6741573033707865
39049,FRANKLIN,1.9575757575757575
39051,FULTON,0.33112582781456956
39053,GALLIA,NA
39055,GEAUGA,0.9141696292534282
39057,GREENE,1.0769230769230769
39059,GUERNSEY,0.7092198581560284
39061,HAMILTON,1.2214752390872077
39063,HANCOCK,0.4158004158004158
39065,HARDIN,0.42643923240938164
39067,HARRISON,0.8064516129032258
39069,HENRY,0.823045267489712
39071,HIGHLAND,0.46439628482972134
39073,HOCKING,0.303951367781155
39075,HOLMES,0.6877579092159559
39077,HURON,0.6829268292682927
39079,JACKSON,0.5141388174807198
39081,JEFFERSON,0.7299270072992701
39083,KNOX,0.8771929824561403
39085,LAKE,0.9806157354618017
39087,LAWRENCE,0.3472222222222222
39089,LICKING,1.1450381679389312
39091,LOGAN,0.27548209366391185
39093,LORAIN,1.0189810189810191
39095,LUCAS,1.211761715108889
39097,MADISON,0.5586592178770949
39099,MAHONING,1.1806981519507187
39101,MARION,0.36363636363636365
39103,MEDINA,0.9259259259259258
39105,MEIGS,NA
39107,MERCER,0.06006006006006006
39109,MIAMI,0.6888633754305395
39111,MONROE,2.803738317757009
39113,MONTGOMERY,0.8631319358816275
39115,MORGAN,NA
39117,MORROW,0.5037783375314862
39119,MUSKINGUM,0.6436041834271923
39121,NOBLE,NA
39123,OTTAWA,0.5165289256198348
39125,PAULDING,NA
39127,PERRY,0.29069767441860467
39129,PICKAWAY,1.2162162162162162
39131,PIKE,0.9933774834437087
39133,PORTAGE,1.1235955056179776
39135,PREBLE,1.1267605633802817
39137,PUTNAM,NA
39139,RICHLAND,0.49480455220188024
39141,ROSS,0.7486631016042781
39143,SANDUSKY,0.36133694670280037
39145,SCIOTO,0.628930817610063
39147,SENECA,0.08244023083264633
39149,SHELBY,0.1990049751243781
39151,STARK,1.526152022521855
39153,SUMMIT,1.2282660711437232
39155,TRUMBULL,0.9498853586636096
39157,TUSCARAWAS,0.6607929515418502
39159,UNION,0.851581508515815
39161,VAN WERT,0.13386880856760375
39163,VINTON,NA
39165,WARREN,0.8238636363636362
39167,WASHINGTON,0.10787486515641855
39169,WAYNE,0.7891770011273956
39171,WILLIAMS,0.15552099533437014
39173,WOOD,0.5909090909090909
39175,WYANDOT,0.5617977528089888
40001,ADAIR,NA
40003,ALFALFA,NA
40005,ATOKA,NA
40007,BEAVER,NA
40009,BECKHAM,NA
40011,BLAINE,NA
40013,BRYAN,NA
40015,CADDO,NA
40017,CANADIAN,0.7494646680942184
40019,CARTER,0.19404915912031048
40021,CHEROKEE,0.08216926869350863
40023,CHOCTAW,0.1607717041800643
40025,CIMARRON,NA
40027,CLEVELAND,0.6583760058522311
40029,COAL,0.3558718861209964
40031,COMANCHE,0.5170630816959669
40033,COTTON,NA
40035,CRAIG,0.19723865877712032
40037,CREEK,0.23923444976076555
40039,CUSTER,0.15128593040847202
40041,DELAWARE,0.1088139281828074
40043,DEWEY,NA
40045,ELLIS,NA
40047,GARFIELD,0.3888888888888889
40049,GARVIN,0.4163197335553705
40051,GRADY,0.4051863857374392
40053,GRANT,NA
40055,GREER,NA
40057,HARMON,NA
40059,HARPER,NA
40061,HASKELL,NA
40063,HUGHES,0.23364485981308408
40065,JACKSON,0.10964912280701754
40067,JEFFERSON,NA
40069,JOHNSTON,0.35842293906810035
40071,KAY,0.1646090534979424
40073,KINGFISHER,NA
40075,KIOWA,0.3853564547206166
40077,LATIMER,0.35211267605633806
40079,LE FLORE,0.07722007722007722
40081,LINCOLN,0.2915451895043732
40083,LOGAN,0.6586169045005488
40085,LOVE,NA
40087,MCCLAIN,0.28929604628736744
40089,MCCURTAIN,0.29069767441860467
40091,MCINTOSH,0.14144271570014144
40093,MAJOR,NA
40095,MARSHALL,0.3194888178913738
40097,MAYES,0.3926701570680628
40099,MURRAY,NA
40101,MUSKOGEE,0.5438066465256798
40103,NOBLE,0.22675736961451248
40105,NOWATA,0.29239766081871343
40107,OKFUSKEE,0.26595744680851063
40109,OKLAHOMA,0.9859671650004586
40111,OKMULGEE,0.9174311926605505
40113,OSAGE,0.11641443538998836
40115,OTTAWA,0.11848341232227488
40117,PAWNEE,0.4166666666666667
40119,PAYNE,0.5277044854881267
40121,PITTSBURG,0.18115942028985507
40123,PONTOTOC,NA
40125,POTTAWATOMIE,0.5804311774461027
40127,PUSHMATAHA,0.17421602787456447
40129,ROGER MILLS,NA
40131,ROGERS,0.5006257822277848
40133,SEMINOLE,0.9652509652509652
40135,SEQUOYAH,NA
40137,STEPHENS,0.07194244604316546
40139,TEXAS,0.13513513513513514
40141,TILLMAN,NA
40143,TULSA,0.6896996261441279
40145,WAGONER,0.26501766784452296
40147,WASHINGTON,NA
40149,WASHITA,NA
40151,WOODS,0.15151515151515152
40153,WOODWARD,0.0765696784073507
41001,BAKER,NA
41003,BENTON,0.38109756097560976
41005,CLACKAMAS,1.5131964809384164
41007,CLATSOP,1.0816125860373649
41009,COLUMBIA,0.7285974499089253
41011,COOS,0.8333333333333334
41013,CROOK,2.1671826625387
41015,CURRY,0.2680965147453083
41017,DESCHUTES,1.0553058432675395
41019,DOUGLAS,0.5212211466865228
41021,GILLIAM,NA
41023,GRANT,NA
41025,HARNEY,NA
41027,HOOD RIVER,1.3528748590755355
41029,JACKSON,0.798175598631699
41031,JEFFERSON,0.9868421052631579
41033,JOSEPHINE,0.9060955518945634
41035,KLAMATH,0.5005005005005005
41037,LAKE,NA
41039,LANE,1.5931766977792083
41041,LINCOLN,0.6896551724137931
41043,LINN,1.1508951406649617
41045,MALHEUR,NA
41047,MARION,1.9506597819850833
41049,MORROW,NA
41051,MULTNOMAH,1.8114061984055851
41053,POLK,1.066350710900474
41055,SHERMAN,NA
41057,TILLAMOOK,0.6593406593406593
41059,UMATILLA,0.7142857142857143
41061,UNION,0.23094688221709006
41063,WALLOWA,NA
41065,WASCO,0.4434589800443459
41067,WASHINGTON,1.6950784936916115
41069,WHEELER,NA
41071,YAMHILL,1.5113350125944585
42001,ADAMS,0.38080731150038083
42003,ALLEGHENY,1.0104744300677757
42005,ARMSTRONG,0.6811989100817438
42007,BEAVER,0.3902439024390244
42009,BEDFORD,0.5102040816326531
42011,BERKS,1.2867355043685464
42013,BLAIR,0.1576458223857068
42015,BRADFORD,0.9761388286334056
42017,BUCKS,1.3010529139561398
42019,BUTLER,0.41074249605055296
42021,CAMBRIA,0.7649158592554819
42023,CAMERON,NA
42025,CARBON,1.13314447592068
42027,CENTRE,0.5102040816326531
42029,CHESTER,2.096493637279136
42031,CLARION,4.948453608247423
42033,CLEARFIELD,0.8138351983723295
42035,CLINTON,NA
42037,COLUMBIA,0.43383947939262474
42039,CRAWFORD,0.7751937984496124
42041,CUMBERLAND,0.4828696252011957
42043,DAUPHIN,0.8732737611697806
42045,DELAWARE,1.4788482047635976
42047,ELK,0.5692599620493358
42049,ERIE,0.961781827385472
42051,FAYETTE,0.4221954161640531
42053,FOREST,NA
42055,FRANKLIN,0.5589194224499302
42057,FULTON,1.0526315789473684
42059,GREENE,0.3067484662576687
42061,HUNTINGDON,NA
42063,INDIANA,0.4524886877828055
42065,JEFFERSON,0.8264462809917356
42067,JUNIATA,0.33557046979865773
42069,LACKAWANNA,0.41928721174004197
42071,LANCASTER,1.0140585388338328
42073,LAWRENCE,0.2329192546583851
42075,LEBANON,1.157830591102986
42077,LEHIGH,2.050963331261653
42079,LUZERNE,0.945945945945946
42081,LYCOMING,0.5574136008918618
42083,MCKEAN,0.7633587786259541
42085,MERCER,0.5640157924421884
42087,MIFFLIN,0.3454231433506045
42089,MONROE,1.717557251908397
42091,MONTGOMERY,1.2910855960183314
42093,MONTOUR,0.4444444444444444
42095,NORTHAMPTON,1.8251103088648215
42097,NORTHUMBERLAND,1.858736059479554
42099,PERRY,0.3976143141153081
42101,PHILADELPHIA,1.7676887351310364
42103,PIKE,1.3966480446927374
42105,POTTER,1.0869565217391304
42107,SCHUYLKILL,1.2156110044785668
42109,SNYDER,2.413793103448276
42111,SOMERSET,0.2717391304347826
42113,SULLIVAN,NA
42115,SUSQUEHANNA,0.16583747927031509
42117,TIOGA,NA
42119,UNION,0.4838709677419355
42121,VENANGO,1.5432098765432098
42123,WARREN,2.2900763358778624
42125,WASHINGTON,1.3161579389526743
42127,WAYNE,0.6237006237006237
42129,WESTMORELAND,0.7695195195195195
42131,WYOMING,0.2695417789757413
42133,YORK,0.7389162561576355
44001,BRISTOL,NA
44003,KENT,NA
44005,NEWPORT,NA
44007,PROVIDENCE,NA
44009,WASHINGTON,NA
45001,ABBEVILLE,2.4691358024691357
45003,AIKEN,1.4078674948240166
45005,ALLENDALE,0.4424778761061947
45007,ANDERSON,1.0612803834303322
45009,BAMBERG,2.8455284552845526
45011,BARNWELL,1.1396011396011396
45013,BEAUFORT,1.5589179275561669
45015,BERKELEY,3.4892541087231352
45017,CALHOUN,0.8888888888888888
45019,CHARLESTON,2.435858277336591
45021,CHEROKEE,2.7522935779816518
45023,CHESTER,2.338129496402878
45025,CHESTERFIELD,2.73972602739726
45027,CLARENDON,1.0043041606886656
45029,COLLETON,1.3969732246798603
45031,DARLINGTON,1.48471615720524
45033,DILLON,2.375809935205184
45035,DORCHESTER,2.3704707077548255
45037,EDGEFIELD,1.146131805157593
45039,FAIRFIELD,1.4457831325301205
45041,FLORENCE,3.6672140120415984
45043,GEORGETOWN,0.5674653215636822
45045,GREENVILLE,1.8124782154060648
45047,GREENWOOD,0.9587020648967551
45049,HAMPTON,0.5050505050505051
45051,HORRY,0.8192318023099652
45053,JASPER,1.495016611295681
45055,KERSHAW,2.1853146853146854
45057,LANCASTER,2.793296089385475
45059,LAURENS,1.440576230492197
45061,LEE,0.5333333333333333
45063,LEXINGTON,1.7292126563649743
45065,MCCORMICK,NA
45067,MARION,0.7952286282306162
45069,MARLBORO,4.71976401179941
45071,NEWBERRY,2.0618556701030926
45073,OCONEE,1.8610421836228286
45075,ORANGEBURG,3.37909186906019
45077,PICKENS,2.2869022869022873
45079,RICHLAND,2.0498291809015914
45081,SALUDA,0.5649717514124294
45083,SPARTANBURG,1.654715940430226
45085,SUMTER,0.8491847826086956
45087,UNION,NA
45089,WILLIAMSBURG,1.7857142857142856
45091,YORK,2.261747913921827
46003,AURORA,NA
46005,BEADLE,NA
46007,BENNETT,NA
46009,BON HOMME,NA
46011,BROOKINGS,NA
46013,BROWN,NA
46015,BRULE,NA
46017,BUFFALO,NA
46019,BUTTE,NA
46021,CAMPBELL,NA
46023,CHARLES MIX,NA
46025,CLARK,NA
46027,CLAY,NA
46029,CODINGTON,NA
46031,CORSON,NA
46033,CUSTER,NA
46035,DAVISON,NA
46037,DAY,NA
46039,DEUEL,NA
46041,DEWEY,NA
46043,DOUGLAS,NA
46045,EDMUNDS,NA
46047,FALL RIVER,NA
46049,FAULK,NA
46051,GRANT,NA
46053,GREGORY,NA
46055,HAAKON,NA
46057,HAMLIN,NA
46059,HAND,NA
46061,HANSON,NA
46063,HARDING,NA
46065,HUGHES,NA
46067,HUTCHINSON,NA
46069,HYDE,NA
46071,JACKSON,NA
46073,JERAULD,NA
46075,JONES,NA
46077,KINGSBURY,NA
46079,LAKE,NA
46081,LAWRENCE,NA
46083,LINCOLN,NA
46085,LYMAN,NA
46087,MCCOOK,NA
46089,MCPHERSON,NA
46091,MARSHALL,NA
46093,MEADE,NA
46095,MELLETTE,NA
46097,MINER,NA
46099,MINNEHAHA,NA
46101,MOODY,NA
46102,OGLALA LAKOTA,NA
46103,PENNINGTON,NA
46105,PERKINS,NA
46107,POTTER,NA
46109,ROBERTS,NA
46111,SANBORN,NA
46113,SHANNON,NA
46115,SPINK,NA
46117,STANLEY,NA
46119,SULLY,NA
46121,TODD,NA
46123,TRIPP,NA
46125,TURNER,NA
46127,UNION,NA
46129,WALWORTH,NA
46135,YANKTON,NA
46137,ZIEBACH,NA
47001,ANDERSON,1.45681581685744
47003,BEDFORD,0.38809831824062097
47005,BENTON,0.3424657534246575
47007,BLEDSOE,0.3436426116838488
47009,BLOUNT,1.3646288209606987
47011,BRADLEY,1.0282776349614395
47013,CAMPBELL,0.727802037845706
47015,CANNON,0.591715976331361
47017,CARROLL,0.4132231404958678
47019,CARTER,1.0893246187363834
47021,CHEATHAM,2.3769100169779285
47023,CHESTER,NA
47025,CLAIBORNE,0.1984126984126984
47027,CLAY,NA
47029,COCKE,NA
47031,COFFEE,0.9182736455463728
47033,CROCKETT,NA
47035,CUMBERLAND,0.18034265103697023
47037,DAVIDSON,2.326354270521768
47039,DECATUR,0.33112582781456956
47041,DEKALB,0.6696428571428571
47043,DICKSON,0.546448087431694
47045,DYER,0.3592814371257485
47047,FAYETTE,1.4260249554367201
47049,FENTRESS,NA
47051,FRANKLIN,0.3901170351105332
47053,GIBSON,0.2777777777777778
47055,GILES,0.7532956685499058
47057,GRAINGER,1.0273972602739725
47059,GREENE,0.34324942791762014
47061,GRUNDY,NA
47063,HAMBLEN,3.733333333333334
47065,HAMILTON,1.9602977667493797
47067,HANCOCK,1.9047619047619049
47069,HARDEMAN,0.9693053311793215
47071,HARDIN,0.5424954792043399
47073,HAWKINS,1.3544018058690745
47075,HAYWOOD,0.6160164271047228
47077,HENDERSON,NA
47079,HENRY,0.2688172043010753
47081,HICKMAN,2.5179856115107913
47083,HOUSTON,NA
47085,HUMPHREYS,0.30120481927710846
47087,JACKSON,NA
47089,JEFFERSON,2.941176470588235
47091,JOHNSON,0.43478260869565216
47093,KNOX,1.2086854209006312
47095,LAKE,NA
47097,LAUDERDALE,2.6066350710900474
47099,LAWRENCE,0.1182033096926714
47101,LEWIS,NA
47103,LINCOLN,0.375
47105,LOUDON,1.6795865633074936
47107,MCMINN,0.9395973154362416
47109,MCNAIRY,0.22779043280182232
47111,MACON,NA
47113,MADISON,0.49079754601227
47115,MARION,1.6055045871559634
47117,MARSHALL,1.0245901639344261
47119,MAURY,2.2339800117577897
47121,MEIGS,NA
47123,MONROE,0.11312217194570137
47125,MONTGOMERY,0.934322616103325
47127,MOORE,NA
47129,MORGAN,NA
47131,OBION,0.7518796992481203
47133,OVERTON,0.13020833333333331
47135,PERRY,0.625
47137,PICKETT,NA
47139,POLK,0.7042253521126761
47141,PUTNAM,0.6796116504854369
47143,RHEA,0.8
47145,ROANE,0.8547008547008548
47147,ROBERTSON,3.824091778202677
47149,RUTHERFORD,1.803921568627451
47151,SCOTT,1.2461059190031152
47153,SEQUATCHIE,NA
47155,SEVIER,0.546448087431694
47157,SHELBY,2.683853459972863
47159,SMITH,0.6479481641468683
47161,STEWART,1.7857142857142856
47163,SULLIVAN,1.228293096145701
47165,SUMNER,2.0054945054945055
47167,TIPTON,1.3761467889908259
47169,TROUSDALE,1.2121212121212122
47171,UNICOI,NA
47173,UNION,0.5847953216374269
47175,VAN BUREN,NA
47177,WARREN,0.40595399188092013
47179,WASHINGTON,1.0936757013789824
47181,WAYNE,0.4464285714285714
47183,WEAKLEY,0.32102728731942215
47185,WHITE,0.2869440459110474
47187,WILLIAMSON,1.8284106891701828
47189,WILSON,1.2435233160621761
48001,ANDERSON,0.8119079837618403
48003,ANDREWS,0.24937655860349126
48005,ANGELINA,0.6548788474132285
48007,ARANSAS,0.9009009009009009
48009,ARCHER,0.628930817610063
48011,ARMSTRONG,NA
48013,ATASCOSA,1.10803324099723
48015,AUSTIN,0.7125890736342043
48017,BAILEY,0.5208333333333333
48019,BANDERA,0.8875739644970414
48021,BASTROP,1.124567474048443
48023,BAYLOR,NA
48025,BEE,2.4657534246575343
48027,BELL,1.4087050749503343
48029,BEXAR,1.4620237806357679
48031,BLANCO,0.6734006734006733
48033,BORDEN,NA
48035,BOSQUE,0.5263157894736842
48037,BOWIE,0.5612244897959183
48039,BRAZORIA,1.882582624459629
48041,BRAZOS,0.7724137931034483
48043,BREWSTER,NA
48045,BRISCOE,NA
48047,BROOKS,NA
48049,BROWN,0.3218884120171674
48051,BURLESON,NA
48053,BURNET,0.28680688336520077
48055,CALDWELL,1.8480492813141685
48057,CALHOUN,0.641025641025641
48059,CALLAHAN,0.33444816053511706
48061,CAMERON,2.086007702182285
48063,CAMP,0.8733624454148471
48065,CARSON,0.6666666666666667
48067,CASS,0.4158004158004158
48069,CASTRO,0.26666666666666666
48071,CHAMBERS,0.8090614886731391
48073,CHEROKEE,0.966183574879227
48075,CHILDRESS,NA
48077,CLAY,0.3003003003003003
48079,COCHRAN,NA
48081,COKE,NA
48083,COLEMAN,NA
48085,COLLIN,2.265906362545018
48087,COLLINGSWORTH,NA
48089,COLORADO,0.32786885245901637
48091,COMAL,1.3254786450662739
48093,COMANCHE,0.26595744680851063
48095,CONCHO,NA
48097,COOKE,0.10319917440660474
48099,CORYELL,1.1194029850746268
48101,COTTLE,NA
48103,CRANE,NA
48105,CROCKETT,NA
48107,CROSBY,NA
48109,CULBERSON,NA
48111,DALLAM,NA
48113,DALLAS,2.2772966285184038
48115,DAWSON,NA
48117,DEAF SMITH,NA
48119,DELTA,0.9803921568627451
48121,DENTON,1.740833424001741
48123,DEWITT,NA
48125,DICKENS,NA
48127,DIMMIT,NA
48129,DONLEY,NA
48131,DUVAL,0.625
48133,EASTLAND,0.7177033492822966
48135,ECTOR,2.1554855897311698
48137,EDWARDS,NA
48139,ELLIS,2.3890784982935154
48141,EL PASO,1.950536630891274
48143,ERATH,1.956521739130435
48145,FALLS,NA
48147,FANNIN,1.1235955056179776
48149,FAYETTE,NA
48151,FISHER,NA
48153,FLOYD,NA
48155,FOARD,NA
48157,FORT BEND,2.598458904109589
48159,FRANKLIN,NA
48161,FREESTONE,0.8130081300813009
48163,FRIO,0.5714285714285714
48165,GAINES,0.1834862385321101
48167,GALVESTON,1.6669363974753197
48169,GARZA,NA
48171,GILLESPIE,0.36809815950920244
48173,GLASSCOCK,NA
48175,GOLIAD,NA
48177,GONZALES,0.18450184501845018
48179,GRAY,0.516795865633075
48181,GRAYSON,0.9106678230702514
48183,GREGG,0.5641748942172073
48185,GRIMES,0.5736137667304015
48187,GUADALUPE,2.054794520547945
48189,HALE,0.30257186081694404
48191,HALL,NA
48193,HAMILTON,0.6688963210702341
48195,HANSFORD,NA
48197,HARDEMAN,NA
48199,HARDIN,1.5698587127158554
48201,HARRIS,2.346611396609977
48203,HARRISON,1.2567324955116697
48205,HARTLEY,NA
48207,HASKELL,0.3703703703703704
48209,HAYS,1.5167642362959022
48211,HEMPHILL,NA
48213,HENDERSON,0.9212730318257957
48215,HIDALGO,1.5827862873814733
48217,HILL,0.2886002886002886
48219,HOCKLEY,0.423728813559322
48221,HOOD,1.4883720930232558
48223,HOPKINS,1.0033444816053512
48225,HOUSTON,0.20325203252032523
48227,HOWARD,0.9090909090909091
48229,HUDSPETH,2.0408163265306123
48231,HUNT,1.2116316639741518
48233,HUTCHINSON,NA
48235,IRION,NA
48237,JACK,0.3448275862068966
48239,JACKSON,0.3558718861209964
48241,JASPER,0.8438818565400843
48243,JEFF DAVIS,NA
48245,JEFFERSON,1.8085106382978722
48247,JIM HOGG,3.7735849056603774
48249,JIM WELLS,0.9009009009009009
48251,JOHNSON,1.2532252119424991
48253,JONES,NA
48255,KARNES,1.0309278350515463
48257,KAUFMAN,1.8659558263518659
48259,KENDALL,0.7086614173228346
48261,KENEDY,NA
48263,KENT,NA
48265,KERR,2.200956937799043
48267,KIMBLE,0.7407407407407408
48269,KING,NA
48271,KINNEY,NA
48273,KLEBERG,0.8174386920980926
48275,KNOX,NA
48277,LAMAR,0.7187780772686434
48279,LAMB,NA
48281,LAMPASAS,0.2785515320334262
48283,LA SALLE,2.2222222222222223
48285,LAVACA,NA
48287,LEE,0.17921146953405018
48289,LEON,NA
48291,LIBERTY,2.3041474654377883
48293,LIMESTONE,0.3262642740619902
48295,LIPSCOMB,NA
48297,LIVE OAK,NA
48299,LLANO,0.27472527472527475
48301,LOVING,NA
48303,LUBBOCK,0.8386075949367088
48305,LYNN,NA
48307,MCCULLOCH,0.2518891687657431
48309,MCLENNAN,0.8082622361921868
48311,MCMULLEN,NA
48313,MADISON,0.684931506849315
48315,MARION,3.3557046979865772
48317,MARTIN,2.2222222222222223
48319,MASON,0.38167938931297707
48321,MATAGORDA,1.03397341211226
48323,MAVERICK,0.6493506493506493
48325,MEDINA,0.6702412868632708
48327,MENARD,1.5873015873015872
48329,MIDLAND,1.7503646593040216
48331,MILAM,0.16556291390728478
48333,MILLS,0.33783783783783783
48335,MITCHELL,3
48337,MONTAGUE,0.4484304932735426
48339,MONTGOMERY,1.8753582835148634
48341,MOORE,NA
48343,MORRIS,NA
48345,MOTLEY,NA
48347,"NACOGDOCHES",0.4016064257028112
48349,"NAVARRO",0.6006006006006006
48351,NEWTON,0.5780346820809248
48353,NOLAN,0.35211267605633806
48355,NUECES,1.049424509140149
48357,OCHILTREE,0.8298755186721992
48359,OLDHAM,NA
48361,ORANGE,1.6713091922005572
48363,PALO PINTO,1.3157894736842104
48365,PANOLA,1.3257575757575757
48367,PARKER,1.381760757994473
48369,PARMER,NA
48371,PECOS,NA
48373,POLK,1.877346683354193
48375,POTTER,0.3506038176860148
48377,PRESIDIO,0.6993006993006993
48379,RAINS,0.4464285714285714
48381,RANDALL,0.3683241252302026
48383,REAGAN,NA
48385,REAL,NA
48387,RED RIVER,NA
48389,REEVES,0.48543689320388345
48391,REFUGIO,0.9615384615384616
48393,ROBERTS,NA
48395,ROBERTSON,0.23923444976076555
48397,ROCKWALL,2.865540044085231
48399,RUNNELS,NA
48401,RUSK,0.7326007326007326
48403,SABINE,1.7391304347826086
48405,SAN AUGUSTINE,NA
48407,SAN JACINTO,2.364864864864865
48409,SAN PATRICIO,0.8631319358816275
48411,SAN SABA,0.37453183520599254
48413,SCHLEICHER,NA
48415,SCURRY,0.3731343283582089
48417,SHACKELFORD,NA
48419,SHELBY,0.28530670470756064
48421,SHERMAN,NA
48423,SMITH,0.6985822888843229
48425,SOMERVELL,0.7142857142857143
48427,STARR,0.3712871287128713
48429,STEPHENS,NA
48431,STERLING,NA
48433,STONEWALL,NA
48435,SUTTON,NA
48437,SWISHER,NA
48439,TARRANT,1.911346883630367
48441,TAYLOR,0.7954545454545454
48443,TERRELL,NA
48445,TERRY,0.3225806451612903
48447,THROCKMORTON,NA
48449,TITUS,0.33112582781456956
48451,TOM GREEN,0.5995717344753747
48453,TRAVIS,1.8337295094619208
48455,TRINITY,2.242152466367713
48457,TYLER,1.0752688172043012
48459,UPSHUR,1.1904761904761905
48461,UPTON,NA
48463,UVALDE,0.1303780964797914
48465,VAL VERDE,0.5964214711729622
48467,VAN ZANDT,0.24813895781637718
48469,VICTORIA,0.78031212484994
48471,WALKER,0.6842619745845552
48473,WALLER,0.7984031936127743
48475,WARD,0.5076142131979695
48477,WASHINGTON,0.21231422505307856
48479,WEBB,2.458423716558207
48481,WHARTON,0.7698887938408896
48483,WHEELER,NA
48485,WICHITA,0.5241482590789966
48487,WILBARGER,NA
48489,WILLACY,1.8957345971563981
48491,WILLIAMSON,2.4153248195446975
48493,WILSON,1.5558698727015559
48495,WINKLER,3.205128205128205
48497,WISE,1.202749140893471
48499,WOOD,0.8156606851549755
48501,YOAKUM,0.625
48503,YOUNG,0.12077294685990338
48505,ZAPATA,1.0471204188481675
48507,ZAVALA,0.9174311926605505
49001,BEAVER,0.5524861878453038
49003,BOX ELDER,0.2985074626865672
49005,CACHE,0.7319304666056725
49007,CARBON,0.906344410876133
49009,DAGGETT,NA
49011,DAVIS,1.062573789846517
49013,DUCHESNE,NA
49015,EMERY,NA
49017,GARFIELD,NA
49019,GRAND,0.7792207792207793
49021,IRON,0.4291845493562232
49023,JUAB,1.5384615384615385
49025,KANE,NA
49027,MILLARD,NA
49029,MORGAN,0.4464285714285714
49031,PIUTE,NA
49033,RICH,NA
49035,SALT LAKE,0.9733315874470778
49037,SAN JUAN,NA
49039,SANPETE,0.1890359168241966
49041,SEVIER,NA
49043,SUMMIT,0.7700205338809034
49045,TOOELE,1.0204081632653061
49047,UINTAH,0.47694753577106513
49049,UTAH,1.8176279447603576
49051,WASATCH,0.2638522427440633
49053,WASHINGTON,0.36496350364963503
49055,WAYNE,NA
49057,WEBER,1.086048454469507
50001,ADDISON,NA
50003,BENNINGTON,NA
50005,CALEDONIA,NA
50007,CHITTENDEN,NA
50009,ESSEX,NA
50011,FRANKLIN,NA
50013,GRAND ISLE,NA
50015,LAMOILLE,NA
50017,ORANGE,NA
50019,ORLEANS,NA
50021,RUTLAND,NA
50023,WASHINGTON,NA
50025,WINDHAM,NA
50027,WINDSOR,0.1549186676994578
51001,ACCOMACK,0.21645021645021645
51003,ALBEMARLE,1.4420410427066
51005,ALLEGHANY,NA
51007,AMELIA,0.8695652173913043
51009,AMHERST,1.550387596899225
51011,APPOMATTOX,1.185770750988142
51013,ARLINGTON,2.3325486839289535
51015,AUGUSTA,0.10683760683760685
51017,BATH,3.1746031746031744
51019,BEDFORD,1.218369259606373
51021,BLAND,NA
51023,BOTETOURT,1.8367346938775513
51025,BRUNSWICK,3.5398230088495577
51027,BUCHANAN,NA
51029,BUCKINGHAM,NA
51031,CAMPBELL,1.4827018121911038
51033,CAROLINE,1.5673981191222568
51035,CARROLL,1.4367816091954022
51036,CHARLES CITY,1.1764705882352942
51037,CHARLOTTE,4.733727810650888
51041,CHESTERFIELD,1.5792154865002548
51043,CLARKE,1.006711409395973
51045,CRAIG,NA
51047,CULPEPER,1.937046004842615
51049,CUMBERLAND,1.3986013986013985
51051,DICKENSON,0.847457627118644
51053,DINWIDDIE,NA
51057,ESSEX,0.5291005291005291
51059,FAIRFAX,2.434014185496686
51061,FAUQUIER,1.5770609318996418
51063,FLOYD,1.5873015873015872
51065,FLUVANNA,0.36363636363636365
51067,FRANKLIN,2.4469820554649266
51069,FREDERICK,1.2596899224806202
51071,GILES,0.5681818181818182
51073,GLOUCESTER,0.5964214711729622
51075,GOOCHLAND,1.8469656992084433
51077,GRAYSON,NA
51079,GREENE,0.3968253968253968
51081,GREENSVILLE,NA
51083,HALIFAX,2.444987775061125
51085,HANOVER,0.41647385469689957
51087,HENRICO,1.5407487498310584
51089,HENRY,4.595185995623632
51091,HIGHLAND,NA
51093,ISLE OF WIGHT,1.0330578512396695
51095,JAMES CITY,1.1888111888111887
51097,KING AND QUEEN,1.3888888888888888
51099,KING GEORGE,1.694915254237288
51101,KING WILLIAM,NA
51103,LANCASTER,NA
51105,LEE,1.2738853503184715
51107,LOUDOUN,1.9768617320004493
51109,LOUISA,0.8333333333333334
51111,LUNENBURG,NA
51113,MADISON,1.0101010101010102
51115,MATHEWS,NA
51117,MECKLENBURG,1.3725490196078431
51119,MIDDLESEX,1.3888888888888888
51121,MONTGOMERY,0.935374149659864
51125,NELSON,0.3968253968253968
51127,NEW KENT,0.7067137809187279
51131,NORTHAMPTON,1.345291479820628
51133,NORTHUMBERLAND,1.171875
51135,NOTTOWAY,0.398406374501992
51137,ORANGE,2
51139,PAGE,0.1976284584980237
51141,PATRICK,4.166666666666666
51143,PITTSYLVANIA,1.9434628975265018
51145,POWHATAN,NA
51147,PRINCE EDWARD,0.8875739644970414
51149,PRINCE GEORGE,0.5970149253731344
51153,PRINCE WILLIAM,3.3488606320030216
51155,PULASKI,1.5974440894568689
51157,RAPPAHANNOCK,NA
51159,RICHMOND,NA
51161,ROANOKE,1.6038492381716118
51163,ROCKBRIDGE,NA
51165,ROCKINGHAM,1.070472792149866
51167,RUSSELL,0.6185567010309279
51169,SCOTT,NA
51171,SHENANDOAH,1.1131725417439702
51173,SMYTH,0.186219739292365
51175,SOUTHAMPTON,0.4149377593360996
51177,SPOTSYLVANIA,1.6129032258064515
51179,STAFFORD,2.556077203964528
51181,SURRY,NA
51183,SUSSEX,0.8547008547008548
51185,TAZEWELL,0.49261083743842365
51187,WARREN,1.6632016632016633
51191,WASHINGTON,0.20554984583761562
51193,WESTMORELAND,1.5625
51195,WISE,0.5698005698005698
51197,WYTHE,0.6048387096774194
51199,YORK,1.1560693641618496
51510,ALEXANDRIA CITY,3.189300411522634
51515,BEDFORD CITY,NA
51520,BRISTOL CITY,NA
51530,BUENA VISTA CITY,NA
51540,CHARLOTTESVILLE CITY,1.639344262295082
51550,CHESAPEAKE CITY,1.761201761201761
51560,CLIFTON FORGE CITY,NA
51570,COLONIAL HEIGHTS CITY,0.2898550724637681
51580,COVINGTON CITY,NA
51590,DANVILLE CITY,2.380952380952381
51595,EMPORIA CITY,NA
51600,FAIRFAX CITY,0.6843455945252352
51610,FALLS CHURCH CITY,2.167630057803468
51620,FRANKLIN CITY,0.6493506493506493
51630,FREDERICKSBURG CITY,1.7103762827822122
51640,GALAX CITY,2.6455026455026456
51650,HAMPTON CITY,1.5392015392015392
51660,HARRISONBURG CITY,1.2195121951219512
51670,HOPEWELL CITY,0.9828009828009828
51678,LEXINGTON CITY,0.4484304932735426
51680,LYNCHBURG CITY,1.1596180081855387
51683,MANASSAS CITY,3.7900874635568513
51685,MANASSAS PARK CITY,1.015228426395939
51690,MARTINSVILLE CITY,1.276595744680851
51700,NEWPORT NEWS CITY,0.9867301803334467
51710,NORFOLK CITY,1.4558232931726909
51720,NORTON CITY,NA
51730,PETERSBURG CITY,2.06286836935167
51735,POQUOSON CITY,1.550387596899225
51740,PORTSMOUTH CITY,2.0257826887661143
51750,RADFORD CITY,NA
51760,RICHMOND CITY,1.1289985364833788
51770,ROANOKE CITY,1.4257620452310718
51775,SALEM CITY,NA
51780,SOUTH BOSTON CITY,NA
51790,STAUNTON CITY,1.1428571428571428
51800,SUFFOLK CITY,1.5486725663716814
51810,VIRGINIA BEACH CITY,1.4646522892399956
51820,WAYNESBORO CITY,0.8928571428571428
51830,WILLIAMSBURG CITY,2.8688524590163933
51840,WINCHESTER CITY,0.62266500622665
53001,ADAMS,0.3194888178913738
53003,ASOTIN,NA
53005,BENTON,1.0924981791697013
53007,CHELAN,0.8068582955118508
53009,CLALLAM,0.23006134969325154
53011,CLARK,2.105643123571171
53013,COLUMBIA,NA
53015,COWLITZ,1.3157894736842104
53017,DOUGLAS,0.9398496240601504
53019,FERRY,NA
53021,FRANKLIN,0.997506234413965
53023,GARFIELD,NA
53025,GRANT,0.40705563093622793
53027,GRAYS HARBOR,1.1764705882352942
53029,ISLAND,1.102629346904156
53031,JEFFERSON,1.4492753623188406
53033,KING,2.322414706104849
53035,KITSAP,1.8472566859663635
53037,KITTITAS,1.3496932515337423
53039,KLICKITAT,1.8567639257294428
53041,LEWIS,1.1398963730569949
53043,LINCOLN,NA
53045,MASON,1.2612612612612613
53047,OKANOGAN,0.39473684210526316
53049,PACIFIC,0.5115089514066496
53051,PEND OREILLE,1.7857142857142856
53053,PIERCE,2.034416211000322
53055,SAN JUAN,0.6299212598425197
53057,SKAGIT,0.8837825894829873
53059,SKAMANIA,0.8403361344537815
53061,SNOHOMISH,2.1052631578947367
53063,SPOKANE,0.6749555950266429
53065,STEVENS,0.8421052631578947
53067,THURSTON,1.5287295730100159
53069,WAHKIAKUM,NA
53071,WALLA WALLA,0.9259259259259258
53073,WHATCOM,0.7882182119892139
53075,WHITMAN,0.14727540500736377
53077,YAKIMA,1.27143701951508
54001,BARBOUR,0.625
54003,BERKELEY,1.2427506213753108
54005,BOONE,3.061224489795918
54007,BRAXTON,NA
54009,BROOKE,NA
54011,CABELL,1.037037037037037
54013,CALHOUN,NA
54015,CLAY,NA
54017,DODDRIDGE,NA
54019,FAYETTE,1.6203703703703702
54021,GILMER,1.2987012987012987
54023,GRANT,NA
54025,GREENBRIER,0.9708737864077669
54027,HAMPSHIRE,NA
54029,HANCOCK,NA
54031,HARDY,0.3787878787878788
54033,HARRISON,0.6932409012131715
54035,JACKSON,0.29411764705882354
54037,JEFFERSON,1.3869625520110958
54039,KANAWHA,0.5676126878130217
54041,LEWIS,0.4405286343612335
54043,LINCOLN,1.3888888888888888
54045,LOGAN,0.2958579881656805
54047,MCDOWELL,0.9615384615384616
54049,MARION,0.5673758865248227
54051,MARSHALL,NA
54053,MASON,NA
54055,MERCER,0.7556675062972292
54057,MINERAL,NA
54059,MINGO,NA
54061,MONONGALIA,0.5205320994794679
54063,MONROE,NA
54065,MORGAN,0.423728813559322
54067,NICHOLAS,2.4390243902439024
54069,OHIO,0.22346368715083798
54071,PENDLETON,NA
54073,PLEASANTS,1.9230769230769231
54075,POCAHONTAS,0.591715976331361
54077,PRESTON,0.628930817610063
54079,PUTNAM,1.1920529801324504
54081,RALEIGH,1.120162932790224
54083,RANDOLPH,NA
54085,RITCHIE,1.1904761904761905
54087,ROANE,NA
54089,SUMMERS,NA
54091,TAYLOR,1.5384615384615385
54093,TUCKER,NA
54095,TYLER,NA
54097,UPSHUR,NA
54099,WAYNE,0.8163265306122449
54101,WEBSTER,NA
54103,WETZEL,NA
54105,WIRT,NA
54107,WOOD,0.6610009442870632
54109,WYOMING,NA
55001,ADAMS,NA
55003,ASHLAND,0.5208333333333333
55005,BARRON,0.245398773006135
55007,BAYFIELD,NA
55009,BROWN,2.095750817150548
55011,BUFFALO,0.1589825119236884
55013,BURNETT,NA
55015,CALUMET,2.2309711286089238
55017,CHIPPEWA,0.12690355329949238
55019,CLARK,NA
55021,COLUMBIA,0.47043010752688175
55023,CRAWFORD,0.15527950310559005
55025,DANE,0.6643491695635381
55027,DODGE,0.70838252656434475
55029,DOOR,0.41841004184100417
55031,DOUGLAS,NA
55033,DUNN,0.18331805682859761
55035,EAU CLAIRE,0.23889154323936934
55037,FLORENCE,NA
55039,FOND DU LAC,1.166489925768823
55041,FOREST,1.276595744680851
55043,GRANT,0.15128593040847202
55045,GREEN,2.2163120567375887
55047,GREEN LAKE,1.0964912280701753
55049,IOWA,0.20387359836901123
55051,IRON,0.7246376811594203
55053,JACKSON,NA
55055,JEFFERSON,1.6042780748663104
55057,JUNEAU,NA
55059,KENOSHA,1.3303769401330376
55061,KEWAUNEE,1.215277777777778
55063,LA CROSSE,0.9430255402750491
55065,LAFAYETTE,0.22753128555176336
55067,LANGLADE,1.4084507042253522
55069,LINCOLN,0.38314176245210724
55071,MANITOWOC,1.048951048951049
55073,MARATHON,0.3006388575723412
55075,MARINETTE,0.13568521031207598
55077,MARQUETTE,0.4048582995951417
55078,MENOMINEE,NA
55079,MILWAUKEE,1.9567639848451082
55081,MONROE,0.19212295869356388
55083,OCONTO,1.1782032400589102
55085,ONEIDA,0.4305705059203444
55087,OUTAGAMIE,3.1408308004052685
55089,OZAUKEE,1.011959521619135
55091,PEPIN,NA
55093,PIERCE,0.20325203252032523
55095,POLK,0.16906170752324598
55097,PORTAGE,0.3074558032282859
55099,PRICE,0.6430868167202572
55101,RACINE,1.7322834645669292
55103,RICHLAND,0.17921146953405018
55105,ROCK,0.9174311926605505
55107,RUSK,NA
55109,SAINT CROIX,0.14785608674223755
55111,SAUK,0.2785515320334262
55113,SAWYER,NA
55115,SHAWANO,2.132435465768799
55117,SHEBOYGAN,0.5646817248459959
55119,TAYLOR,NA
55121,TREMPEALEAU,NA
55123,VERNON,NA
55125,VILAS,0.36036036036036034
55127,WALWORTH,1.1148812409112943
55129,WASHBURN,0.8492569002123143
55131,WASHINGTON,1.4722536806342015
55133,WAUKESHA,1.9562229036692396
55135,WAUPACA,3.540587219343696
55137,WAUSHARA,1.7326732673267329
55139,WINNEBAGO,3.268945022288262
55141,WOOD,0.5582693649685974
56001,ALBANY,0.4143646408839779
56003,BIG HORN,NA
56005,CAMPBELL,0.31746031746031744
56007,CARBON,NA
56009,CONVERSE,NA
56011,CROOK,NA
56013,FREMONT,0.16474464579901155
56015,GOSHEN,NA
56017,HOT SPRINGS,NA
56019,JOHNSON,0.2145922746781116
56021,LARAMIE,0.9726725335803612
56023,LINCOLN,0.23696682464454977
56025,"NATRONA",0.42036431574030825
56027,NIOBRARA,NA
56029,PARK,0.3558718861209964
56031,PLATTE,0.3424657534246575
56033,SHERIDAN,0.6724949562878278
56035,SUBLETTE,0.7462686567164178
56037,SWEETWATER,NA
56039,TETON,0.1282051282051282
56041,UINTA,0.24875621890547264
56043,WASHAKIE,0.2898550724637681
56045,WESTON,0.38022813688212925
